img_id,rep,date,live_a1,dead_a1,soil_a1,LAI_a1,live_a2,dead_a2,soil_a2,LAI_a2,live_a3,dead_a3,soil_a3,LAI_a3,live_a4,dead_a4,soil_a4,LAI_a4,LAI_m2,visual_cov,crop
t101a,1,02.05.2018,14.679997692,45.974242075,39.345760234,0.146799977,15.950100031,46.501808249,37.548091721,0.159501,16.066001077,46.619632964,37.314365959,0.160660011,39.411645891,49.3776931363,11.2106609726,0.39411645891,0.87244898,12.5,timothy
t101b,1,02.05.2018,15.461007233,51.630309326,32.908683441,0.154610072,16.179978455,52.075157741,31.744863804,0.161799785,16.263177131,52.160280086,31.576542782,0.162631771,38.8162703909,52.274738381,8.90899122807,0.388162703909,0.775510204,12.5,timothy
t102a,1,02.05.2018,62.948214835,21.182479224,15.86930594,0.629482148,66.878270237,19.149642198,13.972087565,0.668782702,67.127866267,19.027489227,13.844644506,0.671278663,87.406221145,10.972606956,1.62117189905,0.87406221145,2.768877551,100,timothy
t102b,1,02.05.2018,65.412915513,21.867305325,12.719779163,0.654129155,68.207525392,20.317790089,11.474684518,0.682075254,68.373441828,20.227377655,11.399180517,0.683734418,87.7337257618,11.0707140659,1.19556017236,0.877337257618,3.008163265,100,timothy
t103a,1,02.05.2018,22.212122961,48.424515236,29.363361804,0.22212123,24.107417667,48.434614497,27.457967836,0.241074177,24.300265466,48.494729147,27.205005386,0.243002655,52.2636772853,42.3476454294,5.38867728532,0.522636772853,1.328571429,25,timothy
t103b,1,02.05.2018,23.447599261,48.936211142,27.616189597,0.234475993,25.197176054,48.986707448,25.816116497,0.251971761,25.339527547,49.061249615,25.599222838,0.253395275,53.7588488766,41.4387119114,4.80243921207,0.537588488766,1.360204082,25,timothy
t104a,1,02.05.2018,27.286761311,40.74378655,31.969452139,0.272867613,24.866785934,43.573022469,31.560191597,0.248667859,24.692693906,43.799534472,31.507771622,0.246926939,55.7849530625,37.7332448446,6.48180209295,0.557849530625,0.745918367,6.25,timothy
t104b,1,02.05.2018,28.824253617,45.990112342,25.185634041,0.288242536,25.120229301,49.579678363,25.300092336,0.251202293,24.827831641,49.886022622,25.286145737,0.248278316,54.1729185903,40.716374269,5.11070714066,0.541729185903,0.685204082,6.25,timothy
t105a,1,02.05.2018,12.813558018,57.29118575,29.895256233,0.12813558,6.653008618,62.603397199,30.743594183,0.066530086,6.265870268,62.953504925,30.780624808,0.062658703,32.3642851647,59.5620767929,8.07363804247,0.323642851647,0.25,2.5,timothy
t105b,1,02.05.2018,12.813558018,57.29118575,29.895256233,0.12813558,6.653008618,62.603397199,30.743594183,0.066530086,6.265870268,62.953504925,30.780624808,0.062658703,32.3642851647,59.5620767929,8.07363804247,0.323642851647,0.25,2.5,timothy
t106a,1,02.05.2018,33.878693444,39.176958295,26.944348261,0.338786934,32.965912589,41.318963527,25.715123884,0.329659126,32.924553709,41.458429517,25.617016774,0.329245537,64.280355494,30.9345183133,4.78512619267,0.64280355494,1.142857143,37.5,timothy
t106b,1,02.05.2018,33.640639428,41.615689443,24.74367113,0.336406394,32.658606494,43.63650354,23.704889966,0.326586065,32.646583564,43.742305325,23.611111111,0.326465836,63.4175900277,32.1695136965,4.41289627578,0.634175900277,1.242857143,37.5,timothy
t107a,1,02.05.2018,37.894352108,32.3065751,29.799072792,0.378943521,38.585430132,33.506463527,27.90810634,0.385854301,38.633521853,33.624288243,27.742189905,0.386335219,66.6527200677,27.8758848877,5.47139504463,0.666527200677,0.931632653,18.75,timothy
t107c,1,02.05.2018,40.354724531,37.76498538,21.880290089,0.403547245,40.483610342,38.955255463,20.561134195,0.404836103,40.4460988,39.093278701,20.460622499,0.404460988,68.0569983072,28.6621845183,3.28081717452,0.680569983072,0.954081633,18.75,timothy
t107d,1,02.05.2018,37.695252385,35.020871807,27.283875808,0.376952524,39.435691751,35.567674669,24.99663358,0.394356918,39.555440135,35.655682518,24.788877347,0.395554401,67.5034626039,27.9913050169,4.50523237919,0.675034626039,0.965306122,18.75,timothy
t108a,1,02.05.2018,34.233610342,40.707717759,25.058671899,0.342336103,34.687115266,41.690712527,23.622172207,0.346871153,34.757329178,41.77968221,23.462988612,0.347573292,63.1309633733,32.6937134503,4.17532317636,0.631309633733,1.551020408,50,timothy
t108b,1,02.05.2018,33.955640197,43.505213143,22.539146661,0.339556402,34.849184364,44.003924284,21.146891351,0.348491844,34.951619729,44.055863343,20.992516928,0.349516197,62.9063750385,33.5112726993,3.58235226223,0.629063750385,1.473469388,50,timothy
t201a,2,02.05.2018,14.906509695,49.853320252,35.240170052,0.149065097,7.69034703,55.746479686,36.563173284,0.07690347,7.175284703,56.036953678,36.787761619,0.071752847,23.1802092952,65.278258695,11.5415320098,0.231802092952,0.25,2.5,timothy
t201b,2,02.05.2018,14.370767929,48.596202678,37.033029394,0.143707679,7.30994152,54.199849954,38.490208526,0.073099415,6.808344875,54.445117729,38.746537396,0.068083449,22.3977570022,65.1185941828,12.483648815,0.223977570022,0.25,2.5,timothy
t202a,2,02.05.2018,25.358283318,48.273507233,26.368209449,0.253582833,19.461757464,53.713642659,26.824599877,0.194617575,18.927458449,54.107994768,26.964546784,0.189274584,43.7976108033,50.7954370576,5.40695213912,0.437976108033,0.693877551,6.25,timothy
t202b,2,02.05.2018,22.861361188,42.120652509,35.017986304,0.228613612,18.220510157,46.574426747,35.205063096,0.182205102,17.830486303,46.828831948,35.340681748,0.178304863,43.9582371499,48.2345529394,7.80720991074,0.439582371499,0.71122449,6.25,timothy
t203a,2,02.05.2018,20.921341182,51.401392736,27.677266082,0.209213412,19.361726685,53.862726993,26.775546322,0.193617267,19.223703447,54.011811327,26.764485226,0.192237034,40.5639235149,53.3106340412,6.12544244383,0.405639235149,0.727040816,12.5,timothy
t203b,2,02.05.2018,20.182171437,45.087911665,34.729916898,0.201821714,18.513388735,47.748826562,33.737784703,0.185133887,18.357090643,47.897910896,33.744998461,0.183570906,40.3008618036,51.1022622345,8.59687596183,0.403008618036,0.775510204,12.5,timothy
t204a,2,02.05.2018,23.954966913,48.951119575,27.093913512,0.239549669,20.514485226,52.903778086,26.581736688,0.205144852,20.222568483,53.159626039,26.617805479,0.202225685,44.9513311788,48.802997076,6.24567174515,0.449513311788,1.423469388,25,timothy
t204b,2,02.05.2018,22.368421053,52.168936596,25.462642352,0.223684211,19.557459988,55.55315097,24.889389043,0.1955746,19.281413512,55.826311942,24.892274546,0.192814135,43.1671283472,51.0560941828,5.77677746999,0.431671283472,1.170408163,25,timothy
t205a,2,02.05.2018,37.058998923,39.206775162,23.734225916,0.370589989,29.979416744,45.729455217,24.291128039,0.299794167,29.265735611,46.292128347,24.442136042,0.292657356,54.628828101,39.7429978455,5.62817405355,0.54628828101,0.897959184,18.75,timothy
t205b,2,02.05.2018,31.713604186,35.265658664,33.02073715,0.317136042,27.952831641,39.269294398,32.777873961,0.279528316,27.552227608,39.611707448,32.836064943,0.275522276,53.471741305,37.7471914435,8.78106725146,0.53471741305,0.886734694,18.75,timothy
t206a,2,02.05.2018,25.083198677,46.354647584,28.56215374,0.250831987,23.300919514,49.016043398,27.683037088,0.233009195,23.077293013,49.25313558,27.669571407,0.23077293,47.240497076,46.0348376424,6.72466528163,0.47240497076,1.257142857,37.5,timothy
t206b,2,02.05.2018,24.641235765,41.4579486,33.900815636,0.246412358,23.472126039,43.875038473,32.652835488,0.23472126,23.343240228,44.052977839,32.603781933,0.233432402,49.1266543552,42.6164781471,8.25686749769,0.491266543552,1.071428571,37.5,timothy
t207a,2,02.05.2018,31.831909818,44.097222222,24.070867959,0.318319098,30.081371191,46.789396738,23.129232071,0.300813712,29.836584334,47.091412742,23.072002924,0.298365843,54.3710564789,40.9212449985,4.70769852262,0.543710564789,1.454081633,50,timothy
t207b,2,02.05.2018,32.283010157,44.174168975,23.542820868,0.322830102,30.224684518,47.153451062,22.62186442,0.302246845,29.960180055,47.441520468,22.598299477,0.299601801,54.2032163743,41.2030624808,4.59372114497,0.542032163743,1.744897959,50,timothy
t208a,2,02.05.2018,61.066866728,17.873287935,21.059845337,0.610668667,68.783183287,14.409241305,16.807575408,0.687831833,69.179939982,14.297187596,16.522872422,0.6917994,86.424669129,10.2940327793,3.28129809172,0.86424669129,2.837244898,100,timothy
t208b,2,02.05.2018,63.183864266,19.903239458,16.912896276,0.631838643,70.035972607,16.20835257,13.755674823,0.700359726,70.320675592,16.134772238,13.54455217,0.703206756,86.569906125,11.0226223453,2.4074715297,0.86569906125,2.973979592,100,timothy
t501a,5,02.05.2018,45.384156664,28.344779163,26.271064174,0.453841567,51.70196599,24.503212527,23.794821484,0.51701966,52.157394583,24.197830102,23.644775315,0.521573946,84.3620152355,13.3233302555,2.31465450908,0.843620152355,1.2,37.5,timothy
t501b,5,02.05.2018,45.384156664,28.344779163,26.271064174,0.453841567,51.70196599,24.503212527,23.794821484,0.51701966,52.157394583,24.197830102,23.644775315,0.521573946,84.3620152355,13.3233302555,2.31465450908,0.843620152355,1.287244898,37.5,timothy
t502a,5,02.05.2018,6.059556787,55.714739151,38.225704063,0.060595568,3.26446599,59.092701601,37.64283241,0.03264466,3.071137273,59.380290089,37.548572638,0.030711373,27.6296552785,63.9288050169,8.44153970452,0.276296552785,0.2,2.5,timothy
t502b,5,02.05.2018,5.668571099,59.678939674,34.652489228,0.056685711,2.965335488,63.070848723,33.96381579,0.029653355,2.796533549,63.370941059,33.832525392,0.027965335,25.709833795,66.8094990766,7.48066712835,0.25709833795,0.2,2.5,timothy
t503a,5,02.05.2018,25.841605109,45.08358341,29.074811481,0.258416051,28.35728301,44.191962912,27.450754078,0.28357283,28.575619421,44.046244998,27.37813558,0.285756194,65.8087103724,31.191328101,2.99996152662,0.658087103724,0.841836735,18.75,timothy
t503b,5,02.05.2018,24.330082333,43.733167898,31.936749769,0.243300823,27.62773161,42.571752847,29.800515543,0.276277316,27.885984149,42.460180055,29.653835796,0.278859841,65.355686365,31.2408625731,3.40345106187,0.65355686365,0.897959184,18.75,timothy
t504a,5,02.05.2018,48.172995537,27.469509849,24.357494614,0.481729955,53.693444137,24.364227455,21.942328409,0.536934441,54.11280394,24.110784087,21.776411973,0.541128039,85.504193598,11.8238304094,2.67197599261,0.85504193598,1.744897959,50,timothy
t504b,5,02.05.2018,48.043147892,25.183710372,26.773141736,0.480431479,53.742978609,22.414589104,23.842432287,0.537429786,54.151758233,22.177016005,23.671225762,0.541517582,85.9831871345,11.0654239766,2.95138888889,0.859831871345,2.441326531,50,timothy
t505a,5,02.05.2018,54.578331794,22.227512312,23.194155894,0.545783318,62.124403663,17.096125731,20.779470606,0.621244037,62.693809634,16.652239151,20.653951216,0.626938096,90.4711064943,7.41093413358,2.11795937211,0.904711064943,3.076530612,100,timothy
t505b,5,02.05.2018,54.666339643,22.396314251,22.937346107,0.546663396,62.072945522,17.312538473,20.614516005,0.620729455,62.6341759,16.871056479,20.494767621,0.626341759,90.4648545706,7.51721683595,2.01792859341,0.904648545706,2.680612245,100,timothy
t506a,5,02.05.2018,24.760503232,42.653989689,32.585507079,0.247605032,27.97351108,41.653681902,30.372807018,0.279735111,28.238015543,41.545956448,30.216028009,0.282380155,67.5683864266,28.5703293321,3.86128424131,0.675683864266,0.746428571,12.5,timothy
t506b,5,02.05.2018,25.439077408,45.741959064,28.818963527,0.254390774,28.924765312,44.27660434,26.798630348,0.289247653,29.292186057,44.059229763,26.64858418,0.292921861,68.1041281933,28.8281009541,3.06777085257,0.681041281933,1.553571429,12.5,timothy
t507a,5,02.05.2018,37.301862111,35.943271007,26.754866882,0.373018621,40.135907202,34.842932441,25.021160357,0.401359072,40.312884734,34.732321484,24.954793783,0.403128847,74.3834641428,23.2975530933,2.31898276393,0.743834641428,1.217857143,25,timothy
t507b,5,02.05.2018,37.768351801,37.69958064,24.532067559,0.377683518,40.750038473,36.295302401,22.954659126,0.407500385,40.966451216,36.12169129,22.911857495,0.409664512,74.126173438,23.819348261,2.05447830102,0.74126173438,1.257142857,25,timothy
t508a,5,02.05.2018,22.491535857,36.98541859,40.523045553,0.224915359,26.294148199,36.226050323,37.479801477,0.262941482,26.614439058,36.162088335,37.223472607,0.266144391,63.8811942136,30.3107686981,5.80803708833,0.638811942136,0.754591837,6.25,timothy
t508b,5,02.05.2018,23.419706063,44.363650354,32.216643583,0.234197061,27.343509541,42.832409972,29.824080486,0.273435095,27.680632502,42.676111881,29.643255617,0.276806325,62.9881309634,32.6788050169,4.3330640197,0.629881309634,1.240816327,6.25,timothy
t101a,1,09.05.2018,16.623384118,57.03293321,26.343682672,0.166233841,20.4019506,53.527046784,26.071002616,0.204019506,20.772256848,52.516639735,26.711103416,0.207722568,17.2476146507,64.6679747615,18.0844105879,0.172476146507,0.91994898,12.5,timothy
t101b,1,09.05.2018,16.071291167,57.09833795,26.830370883,0.160712912,19.899392121,53.495306248,26.605301631,0.198993921,20.31586642,52.341104955,27.343028624,0.203158664,16.8465297014,64.7175092336,18.4359610649,0.168465297014,1.01494898,12.5,timothy
t102a,1,09.05.2018,93.941885965,2.391120345,3.66699369,0.93941886,97.211642044,2.073714989,0.714642967,0.97211642,97.312634657,2.09247076,0.594894583,0.973126347,94.9152623884,3.41066481994,1.67407279163,0.949152623884,3.437704082,100,timothy
t102b,1,09.05.2018,94.189077408,2.230974915,3.579947676,0.941890774,97.265504771,1.99436365,0.740131579,0.972655048,97.363130963,2.020333179,0.616535857,0.97363131,95.1735149277,3.13942751616,1.68705755617,0.951735149277,3.818061224,100,timothy
t103a,1,09.05.2018,25.787742382,50.677612342,23.534645276,0.257877424,30.778701139,47.415550939,21.805747922,0.307787011,31.196137273,46.41043398,22.393428747,0.311961373,27.0453408741,57.941385811,15.0132733149,0.270453408741,1.542857143,25,timothy
t103b,1,09.05.2018,25.378000923,51.217201447,23.40479763,0.253780009,30.453601108,47.806055709,21.740343183,0.304536011,30.848915051,46.637426901,22.513658049,0.308489151,26.6495460142,58.3977762388,14.952677747,0.266495460142,1.719183673,25,timothy
t104a,1,09.05.2018,17.015331641,56.213450292,26.771218067,0.170153316,20.572195291,52.606090336,26.821714374,0.205721953,20.882386888,51.129674515,27.987938596,0.208823869,17.7737380733,64.9695098492,17.2567520776,0.177737380733,0.819642857,10,timothy
t104b,1,09.05.2018,17.578966605,56.801612035,25.61942136,0.175789666,20.963180979,53.343336411,25.69348261,0.20963181,21.277219914,51.981859803,26.740920283,0.212772199,18.2262811634,65.4403277932,16.3333910434,0.182262811634,0.91244898,10,timothy
t105a,1,09.05.2018,0.349626808,73.064308249,26.586064943,0.003496268,0.907009849,67.131232687,31.961757464,0.009070098,1.066674361,64.543417205,34.389908433,0.010666744,0.44148199446,81.1307325331,18.4277854725,0.0044148199446,0.05,1,timothy
t105b,1,09.05.2018,0.346260388,72.726223453,26.927516159,0.003462604,0.906048015,66.832583103,32.261368883,0.00906048,1.066193444,64.225530933,34.708275623,0.010661934,0.428497229917,80.9604878424,18.6110149277,0.00428497229917,0.05,1,timothy
t106a,1,09.05.2018,42.738631117,37.446137273,19.81523161,0.427386311,48.854455217,35.587873192,15.557671591,0.488544552,49.22908972,35.114650662,15.656259618,0.492290897,44.0529778393,43.6980609418,12.2489612188,0.440529778393,1.41005102,40,timothy
t106b,1,09.05.2018,42.996402739,37.323022469,19.680574792,0.429964027,48.873210988,35.624422899,15.502366113,0.48873211,49.252173746,35.136291936,15.611534318,0.492521737,44.2862226839,43.5609995383,12.1527777778,0.442862226839,1.544693878,40,timothy
t107a,1,09.05.2018,48.908798861,33.882540782,17.208660357,0.489087989,53.466451216,32.172880117,14.360668667,0.534664512,53.727108341,31.623191751,14.649699908,0.537271083,50.0168321022,39.1803247153,10.8028431825,0.500168321022,1.064081633,26,timothy
t107b,1,09.05.2018,49.008348723,34.556786704,16.434864574,0.490083487,53.616978301,32.96398892,13.419032779,0.536169783,53.853589566,32.484033549,13.662376885,0.538535896,50.0466489689,39.8526469683,10.1007040628,0.500466489689,1.184183673,26,timothy
t108a,1,09.05.2018,49.203120191,32.623018621,18.173861188,0.492031202,55.267967067,31.138427208,13.593605725,0.552679671,55.624807633,30.734937673,13.640254694,0.556248076,50.5520929517,38.3127500769,11.1351569714,0.505520929517,2.663010204,50,timothy
t108b,1,09.05.2018,49.016043398,32.517697753,18.466258849,0.490160434,55.323753463,31.003770391,13.672476147,0.553237535,55.681555863,30.673380271,13.645063866,0.556815559,50.5804670668,38.2180093875,11.2015235457,0.505804670668,2.938010204,50,timothy
t201a,2,09.05.2018,0.162550015,59.900642505,39.936807479,0.0016255,0.508810403,54.484552939,45.006636657,0.005088104,0.669917667,51.198926593,48.13115574,0.006699177,0.342893967375,79.0223915051,20.6347145275,0.00342893967375,0,0,timothy
t201b,2,09.05.2018,0.129847645,59.796764389,40.073387966,0.001298476,0.477550785,54.43453755,45.087911665,0.004775508,0.639138966,51.144582949,48.216278086,0.00639139,0.3270236996,78.9690096953,20.7039666051,0.003270236996,0,0,timothy
t202a,2,09.05.2018,13.278604955,53.593413358,33.127981687,0.13278605,16.981667436,51.635118498,31.383214066,0.169816674,17.565500923,50.674245922,31.760253155,0.175655009,14.7833948907,69.7421321945,15.4744729147,0.147833948907,0.82744898,7,timothy
t202b,2,09.05.2018,13.586391967,53.505886427,32.907721607,0.13586392,17.364477532,51.683210219,30.95231225,0.173644775,18.003616497,50.780528624,31.215854878,0.180036165,15.1556248076,69.5752539243,15.2691212681,0.151556248076,0.909846939,7,timothy
t203a,2,09.05.2018,17.177881656,50.661261157,32.160857187,0.171778817,21.097837796,48.424034318,30.478127886,0.210978378,21.609533703,47.502596953,30.887869344,0.216095337,18.7322060634,66.6219413666,14.64585257,0.187322060634,1.689285714,12.5,timothy
t203b,2,09.05.2018,17.260118498,49.368555709,33.371325793,0.172601185,21.343586488,47.346779778,31.309633733,0.213435865,21.87163358,46.488823484,31.639542936,0.218716336,18.9471760542,65.8846952909,15.168128655,0.189471760542,1.876785714,12.5,timothy
t204a,2,09.05.2018,11.907510003,49.492151431,38.600338566,0.1190751,16.135253155,46.408991228,37.455755617,0.161352532,16.751308095,44.783971991,38.464719914,0.167513081,13.8734995383,66.7426515851,19.3838488766,0.138734995383,1.56244898,25,timothy
t204b,2,09.05.2018,11.778624192,49.685480148,38.53589566,0.117786242,16.070329332,46.333487227,37.596183441,0.160703293,16.643582641,44.716162665,38.640254694,0.166435826,13.694598338,66.8138273315,19.4915743306,0.13694598338,1.702857143,25,timothy
t205a,2,09.05.2018,14.364996922,49.91391582,35.721087258,0.143649969,17.47653124,48.575523238,33.947945522,0.174765312,17.9170514,47.378520314,34.704428286,0.179170514,15.5999923053,68.0719067405,16.3281009541,0.155999923053,1.073061224,20,timothy
t205b,2,09.05.2018,14.796379655,49.990381656,35.213238689,0.147963797,17.996402739,48.777027547,33.226569714,0.179964027,18.501846722,47.585314712,33.912838566,0.185018467,16.0900469375,67.9915935673,15.9183594952,0.160900469375,1.170714286,20,timothy
t206a,2,09.05.2018,18.548495691,47.180863343,34.270640967,0.185484957,23.652950908,45.391370422,30.95567867,0.236529509,24.310845645,44.508406433,31.180747922,0.243108456,20.4870729455,63.4353839643,16.0775430902,0.204870729455,1.361428571,37.5,timothy
t206b,2,09.05.2018,18.606205756,49.021333487,32.372460757,0.186062058,23.503866574,47.186153432,29.309979994,0.235038666,24.09828024,46.285876424,29.615843336,0.240982802,20.4183017852,64.5645775623,15.0171206525,0.204183017852,1.494285714,37.5,timothy
t207a,2,09.05.2018,28.239939212,43.577350723,28.182710065,0.282399392,32.990920283,42.486630502,24.522449215,0.329909203,33.437692367,41.847972453,24.71433518,0.334376924,29.8471645122,57.6340797168,12.518755771,0.298471645122,1.851530612,50,timothy
t207b,2,09.05.2018,29.609110496,42.915127732,27.475761773,0.296091105,34.434633733,42.129309018,23.436057248,0.344346337,34.871787473,41.671956756,23.456255771,0.348717875,31.2653893506,56.8968336411,11.8377770083,0.312653893506,2.039591837,50,timothy
t208a,2,09.05.2018,92.394775316,2.215585565,5.38963912,0.923947753,96.079082025,1.960218529,1.960699446,0.96079082,96.311365035,2.052554632,1.636080332,0.96311365,94.0601915974,3.53281779009,2.4069906125,0.940601915974,3.271377551,100,timothy
t208b,2,09.05.2018,92.409202832,2.447868575,5.142928593,0.924092028,95.998287935,2.126134965,1.875577101,0.959982879,96.221433518,2.225684826,1.552881656,0.962214335,94.0173899661,3.78914666051,2.19346337335,0.940173899661,3.589285714,100,timothy
t501a,5,09.05.2018,54.603820406,10.728781933,34.667397661,0.546038204,54.978454909,10.931728994,34.089816097,0.549784549,54.9111265,10.959141274,34.129732225,0.549111265,86.6256925208,10.4700484765,2.90425900277,0.866256925208,1.428571429,50,timothy
t501b,5,09.05.2018,56.088411819,10.500827178,33.410761003,0.560884118,56.388504155,10.676842875,32.93465297,0.563885042,56.305786396,10.70521699,32.988996614,0.563057864,87.0469759926,10.3392389966,2.61378501077,0.870469759926,1.479591837,50,timothy
t502a,5,09.05.2018,0.377520006,90.574022776,9.048457218,0.0037752,0.258733456,95.301438904,4.439827639,0.002587335,0.238054017,95.604897661,4.157048323,0.00238054,0.792070637119,83.4905932595,15.7173361034,0.00792070637119,0,0,timothy
t502b,5,09.05.2018,0.317405355,89.940654817,9.741939828,0.003174054,0.188519544,94.920552478,4.890927978,0.001885195,0.171687442,95.234591413,4.593721145,0.001716874,0.775719452139,82.4436365035,16.7806440443,0.00775719452139,0,0,timothy
t503a,5,09.05.2018,31.099472915,38.950446291,29.950080794,0.310994729,31.255290089,40.864015851,27.88069406,0.312552901,31.096106494,41.053016313,27.850877193,0.310961065,54.3090181594,36.6194405971,9.07154124346,0.543090181594,1.12244898,35,timothy
t503b,5,09.05.2018,30.77677747,38.980744075,30.242478455,0.307767775,30.895083103,40.963084795,28.141832102,0.308950831,30.733975839,41.166512773,28.099511388,0.307339758,54.0978955063,36.6276161896,9.27448830409,0.540978955063,1.12244898,35,timothy
t504a,5,09.05.2018,46.750923361,14.852166051,38.396910588,0.467509234,46.711007233,15.605282395,37.683710372,0.467110072,46.58933518,15.69377116,37.71689366,0.465893352,81.3918705756,14.5448599569,4.06326946753,0.813918705756,1.93877551,65,timothy
t504b,5,09.05.2018,46.660510926,15.020487073,38.319002001,0.466605109,46.593663435,15.760618652,37.645717913,0.465936634,46.442655432,15.86593952,37.691405048,0.464426554,81.2221068021,14.6641274238,4.11376577408,0.812221068021,2.806122449,65,timothy
t505a,5,09.05.2018,61.688692675,1.406682825,36.9046245,0.616886927,61.998403355,1.17536165,36.826234995,0.619984034,61.927708526,1.15804863,36.914242844,0.619277085,97.0986265005,1.47689673746,1.42447676208,0.970986265005,3.418367347,100,timothy
t505b,5,09.05.2018,60.896622038,1.462950139,37.640427824,0.60896622,61.265485534,1.219606033,37.514908433,0.612654855,61.235668667,1.210949523,37.55338181,0.612356687,96.9048168667,1.51873653432,1.57644659895,0.969048168667,3.62244898,100,timothy
t506a,5,09.05.2018,32.585026162,39.370767929,28.04420591,0.325850262,33.177997076,40.599992305,26.222010619,0.331779971,33.105378578,40.741381964,26.153239458,0.331053786,53.7482686981,37.7173745768,8.53435672515,0.537482686981,0.969387755,30,timothy
t506b,5,09.05.2018,32.732186827,39.206775162,28.061038012,0.327321868,33.264081256,40.455236227,26.280682518,0.332640813,33.171264235,40.62163358,26.207102185,0.331712642,54.017582333,37.6688019391,8.31361572792,0.54017582333,1.785714286,30,timothy
t507a,5,09.05.2018,40.820252385,27.308883503,31.870864112,0.408202524,41.022718529,28.141351185,30.835930286,0.410227185,40.892389966,28.248114805,30.859495229,0.4089239,68.4854955371,26.3316597415,5.18284472145,0.684854955371,1.581632653,45,timothy
t507b,5,09.05.2018,40.31865574,27.430074638,32.251269621,0.403186557,40.561999846,28.302939366,31.135060788,0.405619998,40.445136965,28.403451062,31.151411973,0.40445137,68.2849530625,26.4576600492,5.25738688827,0.682849530625,1.632653061,45,timothy
t508a,5,09.05.2018,33.921495075,37.325907972,28.752596953,0.339214951,34.424053555,39.024988458,26.550957987,0.344240536,34.344221299,39.191385811,26.46439289,0.343442213,54.8817905509,35.0958948907,10.0223145583,0.548817905509,0.867346939,25,timothy
t508b,5,09.05.2018,32.948118652,37.34851108,29.703370268,0.329481187,33.379020468,39.138004001,27.482975531,0.333790205,33.299188212,39.311615112,27.389196676,0.332991882,54.6374846106,35.2377654663,10.1247499231,0.546374846106,1.632653061,25,timothy
t101a,1,22.05.2018,17.168263312,66.103512619,16.728224069,0.171682633,18.43163281,68.409510619,13.158856571,0.184316328,18.490785626,68.3335257,13.175688673,0.184907856,23.3552631579,43.8505116959,32.7942251462,0.233552631579,2.071428571,25,timothy
t101b,1,22.05.2018,17.455851801,65.826985226,16.717162973,0.174558518,18.788954294,67.978608803,13.232436904,0.187889543,18.829351339,67.906471222,13.264177439,0.188293513,23.7265312404,44.3203678055,31.9531009541,0.237265312404,2.125,25,timothy
t102a,1,22.05.2018,57.144506002,0.266909049,42.588584949,0.57144506,57.937538473,0.160145429,41.902316097,0.579375385,57.72641582,0.144756079,42.128828101,0.577264158,96.019929209,0.222664666051,3.75740612496,0.96019929209,4.491836735,100,timothy
t102b,1,22.05.2018,56.630405509,0.238054017,43.131540474,0.566304055,57.385445522,0.129366728,42.48518775,0.573854455,57.178170206,0.124076639,42.697753155,0.571781702,96.1690135426,0.207756232687,3.62323022468,0.961690135426,4.274489796,100,timothy
t103a,1,22.05.2018,25.039916128,49.418571099,25.541512773,0.250399161,26.422553093,50.950292398,22.627154509,0.264225531,26.398507233,50.874307479,22.727185288,0.263985072,38.7681786704,30.992228378,30.2395929517,0.387681786704,1.959183673,35,timothy
t103b,1,22.05.2018,26.09264389,48.830409357,25.076946753,0.260926439,27.474799938,50.103397199,22.421802862,0.274747999,27.420937211,50.048091721,22.530971068,0.274209372,39.6290204678,31.411588181,28.9593913512,0.396290204678,1.812244898,35,timothy
t104a,1,22.05.2018,13.650834872,68.722106802,17.627058326,0.136508349,14.438577255,72.227993229,13.333429517,0.144385773,14.436172669,72.260214681,13.30361265,0.144361727,19.9623922745,43.6456409665,36.391966759,0.199623922745,1.893877551,12.5,timothy
t104b,1,22.05.2018,13.937942444,68.513869652,17.548187904,0.139379424,14.729051247,71.933190982,13.337757772,0.147290512,14.698753463,72.003885811,13.297360726,0.146987535,20.3302939366,43.803862727,35.8658433364,0.203302939366,2.057142857,12.5,timothy
t105a,1,22.05.2018,0.652604648,94.3453755,5.002019852,0.006526046,0.694925362,98.80395891,0.501115728,0.006949254,0.6848261,98.862149892,0.453024007,0.006848261,0.420802554632,60.5412242228,39.0379732225,0.00420802554632,0.05,1,timothy
t105b,1,22.05.2018,0.69348261,94.15781779,5.1486996,0.006934826,0.752154509,98.723645737,0.524199754,0.007521545,0.733879655,98.79722607,0.468894275,0.007338797,0.438115574023,60.5508425669,39.011041859,0.00438115574023,0.05,1,timothy
t106a,1,22.05.2018,39.390966451,30.930670976,29.678362573,0.393909665,41.014542936,31.709756848,27.275700216,0.410145429,40.939519852,31.634733764,27.425746384,0.409395199,58.0885464758,20.3096144968,21.6018390274,0.580885464758,1.701530612,47,timothy
t106b,1,22.05.2018,40.374923053,31.022526162,28.602550785,0.403749231,41.926361958,31.704947676,26.368690366,0.41926362,41.859995383,31.600588643,26.539415974,0.418599954,58.5689827639,20.7886080332,20.6424092028,0.585689827639,1.745918367,47,timothy
t107a,1,22.05.2018,45.131675131,20.840547091,34.027777778,0.451316751,46.105532472,21.387830871,32.506636657,0.461055325,45.93192136,21.390716374,32.677362265,0.459319214,70.6770352416,14.9757617729,14.3472029855,0.706770352416,1.257142857,45,timothy
t107b,1,22.05.2018,43.642755463,19.995575562,36.361668975,0.436427555,44.607956294,20.677516159,34.714527547,0.446079563,44.448772699,20.668378732,34.882848569,0.444487727,71.0492651585,13.8061711296,15.1445637119,0.710492651585,1.369387755,45,timothy
t108a,1,22.05.2018,36.668013235,21.436884426,41.895102339,0.366680132,38.2882233,22.176054171,39.53572253,0.382882233,38.237246076,22.087565405,39.67518852,0.382372461,63.7523084026,12.5158702678,23.7318213296,0.637523084026,3.283163265,70,timothy
t108b,1,22.05.2018,40.638946599,19.738765774,39.622287627,0.406389466,42.301958295,20.20236996,37.495671745,0.423019583,42.209141274,20.125423207,37.665435519,0.422091413,66.5743305633,12.6755347799,20.7501346568,0.665743305633,3.507653061,70,timothy
t201a,2,22.05.2018,0.404932287,96.409472145,3.185595568,0.004049323,0.436672822,98.938134811,0.625192367,0.004366728,0.45254309,98.929478301,0.617978609,0.004525431,0.236611265005,62.1176708218,37.6457179132,0.00236611265005,0,0,timothy
t201b,2,22.05.2018,0.400604032,96.373884272,3.225511696,0.00400604,0.446291167,98.944867652,0.608841182,0.004462912,0.463604186,98.941982148,0.594413666,0.004636042,0.223145583256,61.8570136965,37.9198407202,0.00223145583256,0,0,timothy
t202a,2,22.05.2018,12.302823946,73.215797168,14.481378886,0.123028239,12.542320714,75.282779317,12.174899969,0.125423207,12.567328409,75.157740843,12.274930748,0.125673284,15.7654278239,43.986611265,40.247960911,0.157654278239,2.008163265,10,timothy
t202b,2,22.05.2018,12.566366574,73.433171745,14.000461681,0.125663666,12.872229917,75.322695445,11.805074638,0.128722299,12.953504925,75.107725454,11.938769621,0.129535049,15.9981917513,44.855628655,39.1461795937,0.159981917513,1.959183673,10,timothy
t203a,2,22.05.2018,14.767043706,70.257675439,14.975280856,0.147670437,15.002212219,72.339085103,12.658702678,0.150022122,15.060884118,72.247710834,12.691405048,0.150608841,19.7272237612,45.4245537088,34.84822253,0.197272237612,2.089285714,20,timothy
t203b,2,22.05.2018,13.941308864,70.738111727,15.320579409,0.139413089,14.009599107,73.185499384,12.804901508,0.140095991,14.027873961,73.121056479,12.85106956,0.14027874,19.0933748846,44.4800323176,36.4265927978,0.190933748846,2.196428571,20,timothy
t204a,2,22.05.2018,13.636407356,72.704582179,13.659010465,0.136364074,13.931209603,74.652777778,11.416012619,0.139312096,14.012484611,74.519082795,11.468432595,0.140124846,17.1081486611,45.4582179132,37.4336334257,0.171081486611,1.959183673,25,timothy
t204b,2,22.05.2018,14.033164051,72.213565713,13.753270237,0.140331641,14.351050323,74.032394583,11.616555094,0.143510503,14.432325331,73.888119421,11.679555248,0.144323253,17.5679055094,45.387523084,37.0445714066,0.175679055094,1.795918367,25,timothy
t205a,2,22.05.2018,17.527508464,66.264619883,16.207871653,0.175275085,17.602050631,68.115670206,14.282279163,0.176020506,17.590989535,68.006502001,14.402508464,0.175909895,21.4037011388,44.0799092028,34.5163896584,0.214037011388,1.257142857,20,timothy
t205b,2,22.05.2018,17.670821791,66.555574792,15.773603416,0.176708218,17.791051093,68.439808403,13.769140505,0.177910511,17.763638812,68.340258541,13.896102647,0.177636388,21.4715104648,44.3376808249,34.1908087104,0.214715104648,1.245918367,20,timothy
t206a,2,22.05.2018,22.012542321,60.025200062,17.962257618,0.220125423,22.341970606,61.200561711,16.457467682,0.223419706,22.415550939,60.938461834,16.645987227,0.224155509,27.6267697753,38.2737957833,34.0994344414,0.276267697753,1.819897959,40,timothy
t206b,2,22.05.2018,24.316135734,58.999403663,16.684460603,0.243161357,24.906221145,59.769833026,15.32394583,0.249062211,25.033664204,59.489939212,15.476396584,0.250336642,28.8709025854,40.2027546938,30.9263427208,0.288709025854,1.716326531,40,timothy
t207a,2,22.05.2018,36.098126347,41.98791936,21.913954294,0.360981263,36.410241613,42.221164204,21.368594183,0.364102416,36.466989843,42.021583564,21.511426593,0.364669898,45.4447522315,28.401527393,26.1537203755,0.454447522315,3.395408163,50,timothy
t207b,2,22.05.2018,36.195752539,42.245690982,21.558556479,0.361957525,36.61559326,42.450561711,20.933845029,0.366155933,36.693982764,42.219721453,21.086295783,0.366939828,45.2182402278,28.6477570022,26.1340027701,0.452182402278,3.451530612,50,timothy
t208a,2,22.05.2018,82.011291936,0.380405509,17.608302555,0.820112919,81.867497692,0.338084795,17.794417513,0.818674977,82.097857033,0.325580948,17.576562019,0.82097857,96.7090835642,0.302977839335,2.98793859649,0.967090835642,4.057142857,100,timothy
t208b,2,22.05.2018,83.651219606,0.357321484,15.99145891,0.836512196,83.49395968,0.319329024,16.186711296,0.834939597,83.719509849,0.310672515,15.969817636,0.837195098,97.2135657125,0.296244998461,2.49018928901,0.972135657125,4.346938776,100,timothy
t501a,5,22.05.2018,55.313654201,7.259445214,37.426900585,0.553136542,54.335949523,7.19307864,38.470971838,0.543359495,54.23832333,7.157009849,38.604666821,0.542383233,87.8688634965,5.88786934441,6.24326715913,0.878688634965,1.745918367,60,timothy
t501b,5,22.05.2018,54.901508156,5.560364728,39.538127116,0.549015082,53.891582025,5.447830102,40.660587873,0.53891582,53.778085565,5.42570791,40.796206525,0.537780856,89.3866381964,4.59275931056,6.02060249307,0.893866381964,1.805102041,60,timothy
t502a,5,22.05.2018,0.276527393,92.221164204,7.502308403,0.002765274,0.140427824,95.723203293,4.136368883,0.001404278,0.138023238,96.07138735,3.790589412,0.001380232,0.149084333641,62.1388311788,37.7120844875,0.00149084333641,0,0,timothy
t502b,5,22.05.2018,0.242382271,92.673226377,7.084391351,0.002423823,0.128404894,96.004058941,3.867536165,0.001284049,0.133214066,96.349357495,3.51742844,0.001332141,0.135618651893,63.7330717144,36.1313096337,0.00135618651893,0,0,timothy
t503a,5,22.05.2018,45.799669129,20.967990151,33.23234072,0.457996691,45.808325639,20.808806556,33.382867806,0.458083256,45.887676978,20.687134503,33.42518852,0.45887677,71.3661895968,13.8840797168,14.7497306864,0.713661895968,1.245918367,40,timothy
t503b,5,22.05.2018,45.206217298,21.458044783,33.335737919,0.452062173,45.384637581,21.121883657,33.493478763,0.453846376,45.453408741,21.021852878,33.524738381,0.454534087,70.8323714989,13.9110110803,15.2566174207,0.708323714989,1.245918367,40,timothy
t504a,5,22.05.2018,50.237573099,6.612130656,43.150296245,0.502375731,49.821579717,5.892678516,44.285741767,0.498215797,49.804747615,5.772930132,44.422322253,0.498047476,86.3674399815,2.84654893813,10.7860110803,0.863674399815,3.451530612,65,timothy
t504b,5,22.05.2018,50.237573099,6.612130656,43.150296245,0.502375731,49.821579717,5.892678516,44.285741767,0.498215797,49.804747615,5.772930132,44.422322253,0.498047476,86.3674399815,2.84654893813,10.7860110803,0.863674399815,3.31122449,65,timothy
t505a,5,22.05.2018,53.705947984,0.530451677,45.763600339,0.53705948,53.020160049,0.164954601,46.814885349,0.5302016,52.954755309,0.145717913,46.899526778,0.529547553,95.6977146814,0.210641735919,4.09164358264,0.956977146814,4.346938776,100,timothy
t505b,5,22.05.2018,53.705947984,0.530451677,45.763600339,0.53705948,53.020160049,0.164954601,46.814885349,0.5302016,52.954755309,0.145717913,46.899526778,0.529547553,95.6977146814,0.210641735919,4.09164358264,0.956977146814,4.057142857,100,timothy
t506a,5,22.05.2018,34.539473684,23.428362573,42.032163743,0.345394737,35.116574331,23.116247307,41.767178363,0.351165743,35.24065097,22.990246999,41.769102031,0.35240651,63.790781779,13.4483687288,22.7608494922,0.63790781779,2,40,timothy
t506b,5,22.05.2018,34.527931671,24.337777008,41.13429132,0.345279317,35.147353032,24.001134965,40.851512004,0.35147353,35.271429671,23.885233918,40.843336411,0.352714297,63.5835064635,13.9288050169,22.4876885195,0.635835064635,1.964285714,40,timothy
t507a,5,22.05.2018,50.493421053,10.037222992,39.469355956,0.504934211,50.338565713,9.241785934,40.419648353,0.503385657,50.343855802,9.129732225,40.526411973,0.503438558,82.8206755925,5.75609803016,11.4232263773,0.828206755925,1.87755102,55,timothy
t507b,5,22.05.2018,50.378962758,9.974703755,39.646333487,0.503789628,50.280855648,9.167243767,40.551900585,0.502808556,50.302977839,9.033548784,40.663473376,0.503029778,82.796148815,5.71858648815,11.4852646968,0.82796148815,1.828571429,55,timothy
t508a,5,22.05.2018,41.216528163,21.989939212,36.793532625,0.412165282,41.483437211,21.593663435,36.922899354,0.414834372,41.569521391,21.463334872,36.967143737,0.415695214,68.4566405048,14.6184402893,16.9249192059,0.684566405048,2.008163265,40,timothy
t508b,5,22.05.2018,40.726954448,21.759579871,37.513465682,0.407269544,41.074657587,21.218548015,37.706794398,0.410746576,41.187192213,21.099761465,37.713046322,0.411871922,68.4484649123,14.2303401046,17.3211949831,0.684484649123,1.893877551,40,timothy
t101a,1,06.06.2018,15.671648969,45.314904586,39.013446445,0.15671649,24.093471068,43.62784703,32.278681902,0.240934711,25.344336719,42.947830102,31.707833179,0.253443367,27.9153200985,28.3726723607,43.7120075408,0.279153200985,0.482142857,8,timothy
t101b,1,06.06.2018,15.628847338,44.366535857,40.004616805,0.156288473,24.138677285,42.707852416,33.153470299,0.241386773,25.470817944,42.028316405,32.500865651,0.254708179,28.3553593413,29.6023776547,42.042263004,0.283553593413,0.357142857,8,timothy
t102a,1,06.06.2018,28.672764697,24.829274392,46.497960911,0.286727647,36.905586334,23.045552478,40.048861188,0.369055863,38.520025392,22.551169591,38.928805017,0.385200254,27.8229839951,26.4066828255,45.7703331794,0.278229839951,0.978061224,35,timothy
t102b,1,06.06.2018,30.462738535,25.13080948,44.406451985,0.304627385,38.456544321,23.276873653,38.266582025,0.384565443,40.035876424,22.801246537,37.162877039,0.400358764,28.9781471222,27.2550207756,43.7668321022,0.289781471222,0.796938776,35,timothy
t103a,1,06.06.2018,16.292993998,40.573541859,43.133464143,0.16292994,25.973857341,38.872056787,35.154085873,0.259738573,27.437769314,38.260330102,34.301900585,0.274377693,22.622345337,38.1357725454,39.2418821176,0.22622345337,0.359183673,15,timothy
t103b,1,06.06.2018,16.61617036,40.601435057,42.782394583,0.166161704,26.291262696,38.924957679,34.783779625,0.262912627,27.787877039,38.29495614,33.917166821,0.27787877,22.8382771622,38.3252539243,38.8364689135,0.228382771622,0.52244898,15,timothy
t104a,1,06.06.2018,15.664916128,41.393505694,42.941578178,0.156649161,25.126962142,39.6131502,35.259887658,0.251269621,26.583660357,38.950927208,34.465412435,0.265836604,21.5321060326,38.5945675592,39.8733264081,0.215321060326,0.52244898,5,timothy
t104b,1,06.06.2018,15.028662665,41.383406433,43.587930902,0.150286627,24.438769621,39.746845183,35.814385195,0.244387696,25.918070945,39.016331948,35.065597107,0.259180709,20.9915550939,38.4719336719,40.5365112342,0.209915550939,0.489795918,5,timothy
t105a,1,06.06.2018,1.84816482,56.149969221,42.001865959,0.018481648,3.246672053,57.797110649,38.956217298,0.032466721,3.52079486,57.151238843,39.327966297,0.035207949,2.51904432133,53.2106032625,44.2703524161,0.0251904432133,0.35,2.5,timothy
t105b,1,06.06.2018,1.816424284,56.599145891,41.584429825,0.018164243,3.145198523,58.377096799,38.477704678,0.031451985,3.399603724,57.781721299,38.818674977,0.033996037,2.53058633426,53.5376269621,43.9317867036,0.0253058633426,0.35,2.5,timothy
t106a,1,06.06.2018,32.886080332,31.97618498,35.137734688,0.328860803,47.376596645,27.537800092,25.085603263,0.473765966,49.431555863,26.790935673,23.777508464,0.494315559,41.3430093875,30.195829486,28.4611611265,0.413430093875,0.399489796,30,timothy
t106b,1,06.06.2018,31.354839951,32.561461219,36.08369883,0.3135484,45.844875346,28.206275008,25.948849646,0.458448753,47.89887273,27.471433518,24.629693752,0.478988727,40.1416782087,30.3881963681,29.4701254232,0.401416782087,0.340306122,30,timothy
t107a,1,06.06.2018,29.041628193,30.584891505,40.373480302,0.290416282,40.889023546,27.41083795,31.700138504,0.408890235,42.630905663,26.777950908,30.591143429,0.426309057,34.9857648507,29.1709949215,35.8432402278,0.349857648507,0.965306122,20,timothy
t107b,1,06.06.2018,30.453601108,30.738785011,38.807613881,0.304536011,42.13411819,27.42815097,30.43773084,0.421341182,43.885137735,26.790454755,29.32440751,0.438851377,35.8946983687,29.5682325331,34.5370690982,0.358946983687,0.909183673,20,timothy
t108a,1,06.06.2018,23.914569868,34.94969606,41.135734072,0.239145699,33.148180209,32.618209449,34.233610342,0.331481802,34.770313943,31.974742228,33.254943829,0.347703139,26.1325600185,35.1742843952,38.6931555863,0.261325600185,0.81377551,25,timothy
t108b,1,06.06.2018,23.979974608,34.432229147,41.587796245,0.239799746,33.328043244,32.167109111,34.504847645,0.333280432,34.952581564,31.551535088,33.495883349,0.349525816,26.3460872576,34.5894890736,39.0644236688,0.263460872576,0.645408163,25,timothy
t201a,2,06.06.2018,2.390639428,76.039262081,21.570098492,0.023906394,3.162511542,88.616689751,8.220798707,0.031625115,3.290435519,93.146929825,3.562634657,0.032904355,2.19682979378,59.614015851,38.1891543552,0.0219682979378,0.35,2.5,timothy
t201b,2,06.06.2018,2.59502924,76.485553247,20.919417513,0.025950292,3.439519852,88.353628039,8.206852108,0.034395199,3.581390428,92.714585257,3.704024315,0.035813904,2.380059249,60.4517736227,37.1681671283,0.02380059249,0.35,2.5,timothy
t202a,2,06.06.2018,26.442751616,46.232494614,27.32475377,0.264427516,31.067732379,52.592143737,16.340123884,0.310677324,31.557787011,55.393967375,13.048245614,0.31557787,30.362226839,37.38986996,32.247903201,0.30362226839,1.893877551,20,timothy
t202b,2,06.06.2018,25.800727147,46.550380886,27.648891967,0.258007271,30.443982764,53.096625885,16.459391351,0.304439828,30.935961065,55.992709295,13.07132964,0.309359611,29.921706679,37.3230224685,32.7552708526,0.29921706679,1.942857143,20,timothy
t203a,2,06.06.2018,21.890870268,43.119998461,34.989131271,0.218908703,28.487130656,50.921437365,20.591431979,0.284871307,29.137330717,54.664415974,16.198253309,0.291373307,29.211872884,33.2910126193,37.4971144968,0.29211872884,2.089285714,25,timothy
t203b,2,06.06.2018,22.136138043,44.354993844,33.508868113,0.22136138,28.285626347,52.141524315,19.572849338,0.282856263,28.899276701,55.823907356,15.276815943,0.288992767,28.8175207756,34.6390235457,36.5434556787,0.288175207756,2.089285714,25,timothy
t204a,2,06.06.2018,31.296168052,41.659452909,27.04437904,0.312961681,37.727954755,45.576042629,16.696002616,0.377279548,38.355551708,47.624749923,14.019698369,0.383555517,37.6962142198,34.0768313327,28.2269544475,0.376962142198,1.647346939,25,timothy
t204b,2,06.06.2018,30.932594645,41.793147892,27.274257464,0.309325946,37.310037704,45.898738073,16.791224223,0.373100377,37.906375039,47.971491228,14.122133734,0.37906375,37.4259387504,34.1162665436,28.4577947061,0.374259387504,1.697959184,25,timothy
t205a,2,06.06.2018,39.212546168,29.221491228,31.565962604,0.392125462,46.998595722,33.067386119,19.934018159,0.469985957,47.682940905,35.084352878,17.232706217,0.476829409,49.0776008002,22.8863688827,28.036030317,0.490776008002,1.156122449,28,timothy
t205b,2,06.06.2018,38.863881194,29.371537396,31.76458141,0.388638812,46.739862265,33.285241613,19.974896122,0.467398623,47.36890197,35.364727609,17.266370422,0.47368902,48.9434249,22.7776815943,28.2788935057,0.489434249,1.212244898,28,timothy
t206a,2,06.06.2018,40.048861188,30.615189289,29.335949523,0.400488612,47.236649738,34.034991536,18.728358726,0.472366497,47.853666513,35.764369806,16.381963681,0.478536665,48.2787973223,24.5142736227,27.2069290551,0.482787973223,1.53877551,40,timothy
t206b,2,06.06.2018,38.923995845,31.481321176,29.594682979,0.389239958,46.223838104,35.223818867,18.552343029,0.462238381,46.810557095,37.06813635,16.121306556,0.468105571,47.364573715,24.8499538319,27.7854724531,0.47364573715,1.597959184,40,timothy
t207a,2,06.06.2018,47.970529394,26.213354109,25.816116497,0.479705294,55.376654355,27.987938597,16.635407048,0.553766544,55.985976454,29.216682056,14.79734149,0.559859765,56.2596183441,22.0346645122,21.7057171437,0.562596183441,2.301020408,40,timothy
t207b,2,06.06.2018,47.087565405,26.230186211,26.682248384,0.470875654,54.687019083,28.150007695,17.162973223,0.546870191,55.320387042,29.456178824,15.223434134,0.55320387,55.7464796861,21.8600915666,22.3934287473,0.557464796861,2.132653061,40,timothy
t208a,2,06.06.2018,34.141755155,37.890985688,27.967259157,0.341417552,35.833140967,47.248191751,16.918667282,0.35833141,36.007232995,51.171033395,12.82173361,0.36007233,28.8434903047,35.3685749461,35.7879347492,0.288434903047,0.760714286,15,timothy
t208b,2,06.06.2018,34.028739612,37.573099415,28.398160973,0.340287396,35.821118036,47.068809634,17.11007233,0.35821118,36.051958295,50.962796245,12.98524546,0.360519583,29.0021929825,34.8876577408,36.1101492767,0.290021929825,0.688265306,15,timothy
t501a,5,06.06.2018,15.477839335,44.877269929,39.644890736,0.154778393,19.706063404,41.511330409,38.782606187,0.197060634,20.660684057,40.531702062,38.807613881,0.206606841,18.3417012927,38.0150623269,43.6432363804,0.183417012927,0.399489796,12.5,timothy
t501b,5,06.06.2018,16.234322099,45.494286704,38.271391197,0.162343221,20.265370114,42.196637427,37.537992459,0.202653701,21.219990766,41.196810557,37.583198677,0.212199908,18.6302516159,39.0403778086,42.3293705756,0.186302516159,0.414285714,12.5,timothy
t502a,5,06.06.2018,1.260483995,67.270217759,31.469298246,0.01260484,2.561845953,64.062980917,33.37517313,0.02561846,2.854724531,62.987169129,34.15810634,0.028547245,2.69506001847,55.8133271776,41.4916128039,0.0269506001847,0.35,3,timothy
t502b,5,06.06.2018,1.345125423,67.773738073,30.881136504,0.013451254,2.635907202,64.571310403,32.792782395,0.026359072,2.91339643,63.449811481,33.63679209,0.029133964,2.72006771314,56.2730840259,41.006848261,0.0272006771314,0.35,3,timothy
t503a,5,06.06.2018,38.252154509,25.902681594,35.845163897,0.382521545,55.560845645,19.370864112,25.068290243,0.555608456,57.891370422,18.635060788,23.47356879,0.578913704,56.9045283164,19.4882079101,23.6072637735,0.569045283164,1.560204082,45,timothy
t503b,5,06.06.2018,38.386811327,26.482186827,35.131001847,0.383868113,55.476204217,19.770025392,24.753770391,0.554762042,57.773064789,19.022199138,23.204736073,0.577730648,56.7515966451,19.8267736227,23.4216297322,0.567515966451,1.324489796,45,timothy
t504a,5,06.06.2018,25.880559403,34.687115266,39.432325331,0.258805594,33.925342413,29.943347953,36.131309634,0.339253424,35.463315636,29.056536627,35.480147738,0.354633156,32.3676515851,29.3869267467,38.2454216682,0.323676515851,1.655612245,40,timothy
t504b,5,06.06.2018,25.06877116,35.220933364,39.710295476,0.250687712,33.5420514,30.153989689,36.30395891,0.335420514,35.10984149,29.250827178,35.639331333,0.351098415,32.0935287781,29.4802246845,38.4262465374,0.320935287781,2.216836735,40,timothy
t505a,5,06.06.2018,31.548649585,46.594625269,21.856725146,0.315486496,33.731051862,43.8841759,22.384772238,0.337310519,34.380290089,43.161357341,22.45835257,0.343802901,27.452677747,47.3756348107,25.1716874423,0.27452677747,0.724489796,20,timothy
t505b,5,06.06.2018,29.473010926,47.719490613,22.807498461,0.294730109,31.858841182,44.862361496,23.278797322,0.318588412,32.527316097,44.068848107,23.403835796,0.325273161,26.2311480456,47.4670090797,26.3018428747,0.262311480456,0.796938776,20,timothy
t506a,5,06.06.2018,26.192674669,35.960103109,37.847222222,0.261926747,41.916262696,27.964373653,30.11936365,0.419162627,44.409818406,26.81546245,28.774719144,0.444098184,43.2056017236,26.5903931979,30.2040050785,0.432056017236,2.196428571,35,timothy
t506b,5,06.06.2018,25.598741921,35.875461681,38.525796399,0.255987419,41.579139735,27.86867113,30.552189135,0.415791397,44.117901662,26.740920283,29.141178055,0.441179017,43.0300669437,26.4004309018,30.5695021545,0.430300669437,0.553571429,35,timothy
t507a,5,06.06.2018,30.707044475,36.833929671,32.459025854,0.307070445,41.715239304,30.627212219,27.657548477,0.417152393,43.482129117,29.662973223,26.854897661,0.434821291,41.0515735611,30.0169282856,28.9314981533,0.410515735611,2.089795918,35,timothy
t507b,5,06.06.2018,30.727723915,35.948561096,33.323714989,0.307277239,42.095163897,29.832256079,28.072580025,0.420951639,43.991420437,28.845894891,27.162684672,0.439914204,41.5026738997,29.2753539551,29.2219721453,0.415026738997,2.171428571,35,timothy
t508a,5,06.06.2018,29.13348338,39.836295783,31.030220837,0.291334834,43.030547861,31.364458295,25.604993844,0.430305479,45.206698215,30.231417359,24.561884426,0.452066982,43.1147083718,31.1567020622,25.728589566,0.431147083718,2.791836735,30,timothy
t508b,5,06.06.2018,26.238361804,41.145352416,32.61628578,0.262383618,40.583160203,32.356109572,27.060730225,0.405831602,42.777104494,31.186999846,26.03589566,0.427771045,41.1968105571,31.3697483841,27.4334410588,0.411968105571,2.93877551,30,timothy
r101a,1,02.05.2018,6.588084795,45.755424746,47.656490459,0.065880848,3.37796245,47.409299015,49.212738535,0.033779624,3.254366728,47.31552016,49.430113112,0.032543667,22.3684210526,62.0008079409,15.6307710065,0.223684210526,0.2,1.5,ryegrass
r101b,1,02.05.2018,7.73507233,51.905393967,40.359533703,0.077350723,3.652566174,54.391255002,41.956178824,0.036525662,3.462122961,54.347491536,42.190385503,0.03462123,23.2932248384,65.5740227762,11.1327523853,0.232932248384,0.2,1.5,ryegrass
r102a,1,02.05.2018,14.418378732,46.356090335,39.225530933,0.144183787,12.676977532,48.331217298,38.991805171,0.126769775,12.882810095,48.311499692,38.805690212,0.128828101,39.7069290551,51.7952639274,8.49780701754,0.397069290551,0.084693878,6.25,ryegrass
r102b,1,02.05.2018,14.237553863,46.242112958,39.520333179,0.142375539,12.482206063,48.221087258,39.296706679,0.124822061,12.71160357,48.185018467,39.103377962,0.127116036,39.3548976608,51.9453100954,8.69979224377,0.393548976608,0.078571429,6.25,ryegrass
r103a,1,02.05.2018,31.290877962,42.263004001,26.446118036,0.31290878,28.195694829,46.243074792,25.561230379,0.281956948,28.403451062,46.40177747,25.194771468,0.284034511,59.5058094798,36.5064250539,3.9877654663,0.595058094798,0.114795918,12.5,ryegrass
r103b,1,02.05.2018,31.851146507,43.592740074,24.55611342,0.318511465,28.283221761,47.766620499,23.950157741,0.282832218,28.430863343,47.909933826,23.659202832,0.284308633,59.4952293013,36.9652200677,3.53955063096,0.594952293013,0.134693878,12.5,ryegrass
r104a,1,02.05.2018,25.109168206,40.564404432,34.326427362,0.251091682,22.864727608,44.000557864,33.134714528,0.228647276,23.173476454,44.152046784,32.674476762,0.231734765,54.7538665743,39.2856455833,5.96048784241,0.547538665743,0.13622449,18.75,ryegrass
r104b,1,02.05.2018,26.289339027,40.47351108,33.237149892,0.26289339,23.653431825,44.268909665,32.07765851,0.236534318,23.991035703,44.435307018,31.573657279,0.239910357,56.0614804555,38.4656817482,5.47283779624,0.560614804555,0.12244898,18.75,ryegrass
r105a,1,02.05.2018,20.581332718,44.167436134,35.251231148,0.205813327,19.075100031,46.605686365,34.319213604,0.190751,19.426650508,46.703793475,33.869556017,0.194266505,50.8204447522,41.8917359187,7.28781932902,0.508204447522,0.173014286,25,ryegrass
r105b,1,02.05.2018,21.390716374,44.658933518,33.950350108,0.213907164,19.724819175,47.252520006,33.022660819,0.197248192,20.060980302,47.309268236,32.629751462,0.200609803,51.5394159741,41.6108802709,6.849703755,0.515394159741,0.20222449,25,ryegrass
r106a,1,02.05.2018,28.053343336,38.289185134,33.65747153,0.280533433,26.474011234,41.691674361,31.834314404,0.264740112,26.938577255,41.826812096,31.234610649,0.269385773,60.1228262542,34.7679093567,5.10926438904,0.601228262542,0.269387755,37.5,ryegrass
r106b,1,02.05.2018,26.029162819,38.488284857,35.482552324,0.260291628,25.099549861,41.438711911,33.461738227,0.250995499,25.608360265,41.566635888,32.825003847,0.256083603,58.6613188673,35.5152546938,5.8234264389,0.586613188673,0.269387755,37.5,ryegrass
r107a,1,02.05.2018,36.995036934,39.126461988,23.878501077,0.369950369,37.037838566,41.335314712,21.626846722,0.370378386,37.645236996,41.310307018,21.044455986,0.37645237,69.2318790397,28.1769390582,2.59118190212,0.692318790397,0.282142857,50,ryegrass
r107b,1,02.05.2018,36.640120037,41.444963835,21.914916128,0.3664012,36.522776239,43.451831333,20.025392428,0.365227762,37.076792859,43.397968606,19.525238535,0.370767929,68.3190981841,29.3470106187,2.33389119729,0.683190981841,0.303571429,50,ryegrass
r108a,1,02.05.2018,54.436942136,26.683691136,18.879366728,0.544369421,60.196887504,24.239669898,15.563442598,0.601968875,61.409279778,23.799149738,14.791570483,0.614092798,88.6205370883,10.2238188673,1.15564404432,0.886205370883,0.56377551,100,ryegrass
r108b,1,02.05.2018,55.006829024,26.277797014,18.715373961,0.55006829,60.377712373,24.034799169,15.587488458,0.603777124,61.559806864,23.622172207,14.81802093,0.615598069,88.4315366267,10.3979108957,1.17055247769,0.884315366267,0.510714286,100,ryegrass
r201a,2,02.05.2018,14.777142967,39.994998461,45.227858572,0.14777143,15.091181902,41.325215451,43.583602647,0.150911819,15.349434441,41.468528778,43.182036781,0.153494344,46.4825715605,47.4573907356,6.06003770391,0.464825715605,0.27244898,37.5,ryegrass
r201b,2,02.05.2018,14.626134965,37.875596337,47.498268698,0.14626135,15.076273469,39.325561711,45.59816482,0.150762735,15.38069406,39.493882733,45.125423207,0.153806941,47.5901238843,45.734264389,6.67561172669,0.475901238843,0.251020408,37.5,ryegrass
r202a,2,02.05.2018,35.335872576,34.649603724,30.0145237,0.353358726,43.674976916,30.733014004,25.59200908,0.436749769,44.68442213,30.411280394,24.904297476,0.446844221,78.4587565405,19.3958718067,2.14537165282,0.784587565405,0.590306122,100,ryegrass
r202b,2,02.05.2018,36.812769314,36.310210834,26.877019852,0.368127693,44.547360726,32.459025854,22.99361342,0.445473607,45.549111265,32.07765851,22.373230225,0.455491113,78.867536165,19.4723376424,1.66012619267,0.78867536165,0.56377551,100,ryegrass
r203a,2,02.05.2018,30.345875654,34.644794552,35.009329794,0.303458757,29.860149277,36.901738997,33.238111727,0.298601493,29.992401508,37.111418898,32.896179594,0.299924015,59.2768928901,36.0711949831,4.65191212681,0.592768928901,0.321428571,50,ryegrass
r203b,2,02.05.2018,30.251615882,35.710507079,34.037877039,0.302516159,29.771660511,37.887619267,32.340720222,0.297716605,29.908721914,38.067001385,32.024276701,0.299087219,59.2590989535,36.4006232687,4.34027777778,0.592590989535,0.289285714,50,ryegrass
r204a,2,02.05.2018,34.44906125,38.142024469,27.408914281,0.344490612,29.1368498,43.570136965,27.293013235,0.291368498,28.702100646,44.117420745,27.180478609,0.287021006,57.4595067713,38.1049938443,4.43549938443,0.574595067713,0.113265306,12.5,ryegrass
r204b,2,02.05.2018,33.805113112,36.785357033,29.409529855,0.338051131,28.798284087,42.10141582,29.100300092,0.287982841,28.35728301,42.659760696,28.982956294,0.28357283,57.3412011388,37.792878578,4.86592028316,0.573412011388,0.125510204,12.5,ryegrass
r205a,2,02.05.2018,28.386138042,42.035049246,29.578812712,0.28386138,23.419706063,47.149122807,29.43117113,0.234197061,23.097972453,47.614169745,29.287857802,0.230979725,56.0340681748,39.5741959064,4.39173591874,0.560340681748,0.113265306,18.75,ryegrass
r205b,2,02.05.2018,27.256463527,40.271044937,32.472491536,0.272564635,22.876269621,44.980667128,32.14306325,0.228762696,22.594933056,45.420225454,31.98484149,0.225949331,55.1434095106,39.6679747615,5.18861572792,0.551434095106,0.131632653,18.75,ryegrass
r206a,2,02.05.2018,25.683864266,41.065039243,33.251096491,0.256838643,22.771910588,44.909491382,32.31859803,0.227719106,22.664666051,45.236995999,32.09833795,0.226646661,53.2442674669,41.9441558941,4.81157663897,0.532442674669,0.177508163,25,ryegrass
r206b,2,02.05.2018,26.230186211,38.645544783,35.124269006,0.262301862,23.185018467,42.71747076,34.097510773,0.231850185,23.079216682,43.05651739,33.864265928,0.230792167,54.0392236073,40.6913665743,5.26940981841,0.540392236073,0.193236735,25,ryegrass
r207a,2,02.05.2018,25.553054786,42.372172207,32.074773007,0.255530548,18.943809634,48.122499231,32.933691136,0.189438096,18.35757156,48.714027393,32.928401046,0.183575716,48.0051554324,46.6581063404,5.33673822715,0.480051554324,0.089795918,6.25,ryegrass
r207b,2,02.05.2018,25.341451216,41.058306402,33.600242382,0.253414512,18.848588027,46.711007233,34.44040474,0.18848588,18.316693598,47.21741305,34.465893352,0.183166936,47.655047707,46.4912280702,5.85372422284,0.47655047707,0.078571429,6.25,ryegrass
r208a,2,02.05.2018,23.596683595,39.472241459,36.931074946,0.235966836,12.517313019,47.38429132,40.09839566,0.12517313,11.470356263,48.095567867,40.434075869,0.114703563,32.7057363804,57.3426438904,9.95161972915,0.327057363804,0.35,4,ryegrass
r208b,2,02.05.2018,24.550342413,39.074042013,36.375615574,0.245503424,13.223299477,47.229916898,39.546783626,0.132232995,12.145083102,47.955140043,39.899776854,0.121450831,34.1888850416,56.2759695291,9.53514542936,0.341888850416,0.35,4,ryegrass
r501a,5,02.05.2018,29.915935673,38.132887042,31.951177285,0.299159357,41.173245614,33.453562635,25.373191751,0.411732456,42.170186981,33.377577716,24.452235303,0.42170187,81.6674361342,16.9619498307,1.37061403509,0.816674361342,0.930612245,100,ryegrass
r501b,5,02.05.2018,29.40183518,40.619709911,29.978454909,0.294018352,40.637984765,35.435422438,23.926592798,0.406379848,41.620979532,35.289704524,23.089315943,0.416209795,81.015793321,17.7559441367,1.22826254232,0.81015793321,0.590306122,100,ryegrass
r502a,5,02.05.2018,26.748614958,39.414531394,33.836853647,0.26748615,28.8545514,41.280009234,29.865439366,0.288545514,28.864650662,41.760445522,29.374903817,0.288646507,62.7385349338,34.5731378886,2.68832717759,0.627385349338,0.264285714,50,ryegrass
r502b,5,02.05.2018,26.765927978,40.929901508,32.304170514,0.26765928,28.924284395,42.617439982,28.458275623,0.289242844,28.914185134,43.10124269,27.984572176,0.289141851,62.8856955986,34.644313635,2.46999076639,0.628856955986,0.397959184,50,ryegrass
r503a,5,02.05.2018,37.246075716,33.667570791,29.086353493,0.372460757,33.850319329,38.880232379,27.269448292,0.338503193,33.205409357,39.768486457,27.026104186,0.332054094,65.0931055709,31.5169090489,3.38998538012,0.650931055709,0.251020408,37.5,ryegrass
r503b,5,02.05.2018,37.712084488,34.953543398,27.334372114,0.377120845,34.13406048,40.257098338,25.608841182,0.341340605,33.403066328,41.179497538,25.417436134,0.334030663,65.6139389043,31.3899469067,2.99611418898,0.656139389043,0.310204082,37.5,ryegrass
r504a,5,02.05.2018,30.897006771,38.552727762,30.550265466,0.308970068,31.114381348,41.477185288,27.408433364,0.311143813,30.883060172,42.108629578,27.008310249,0.308830602,62.2417474608,34.7832987073,2.97495383195,0.622417474608,0.276818367,25,ryegrass
r504b,5,02.05.2018,30.979243613,39.912280702,29.108475685,0.309792436,31.057633118,42.89300554,26.049361342,0.310576331,30.875846414,43.435480148,25.688673438,0.308758464,62.0767928593,35.2247807018,2.6984264389,0.620767928593,0.168520408,25,ryegrass
r505a,5,02.05.2018,17.047072176,50.577581564,32.37534626,0.170470722,16.434383657,52.976396584,30.58921976,0.164343837,16.321368113,53.44336719,30.235264697,0.163213681,47.1452754694,49.8831371191,2.97158741151,0.471452754694,0.185886735,18.75,ryegrass
r505b,5,02.05.2018,16.663781163,50.974338258,32.361880579,0.166637812,16.341566636,53.19040474,30.468028624,0.163415666,16.249230532,53.65497076,30.095798707,0.162492305,47.0159087412,49.9817251462,3.00236611265,0.470159087412,0.133163265,18.75,ryegrass
r506a,5,02.05.2018,26.391293475,44.272757002,29.335949523,0.263912935,19.846491228,50.304420591,29.849088181,0.198464912,19.016428132,51.152758541,29.830813327,0.190164281,48.9900738689,47.3982379194,3.61168821176,0.489900738689,0.165306122,12.5,ryegrass
r506b,5,02.05.2018,26.66060711,45.712623115,27.626769775,0.266606071,20.099453678,51.75871422,28.141832102,0.200994537,19.331909818,52.577235303,28.090854878,0.193319098,49.3209449061,47.3501461988,3.32890889504,0.493209449061,0.130102041,12.5,ryegrass
r507a,5,02.05.2018,27.336776701,40.54420591,32.11901739,0.273367767,20.379828409,46.889427516,32.730744075,0.203798284,19.505040012,47.773834257,32.721125731,0.1950504,50.5756578947,44.424726839,4.99961526624,0.505756578947,0.169387755,6.25,ryegrass
r507b,5,02.05.2018,28.33660357,41.423803478,30.239592952,0.283366036,21.03002847,48.033529548,30.936441982,0.210300285,20.124461373,48.96410434,30.911434287,0.201244614,51.4591028009,44.0597106802,4.48118651893,0.514591028009,0.078571429,6.25,ryegrass
r508a,5,02.05.2018,30.473799631,39.077889351,30.448311019,0.304737996,18.891870576,47.89550631,33.212623115,0.188918706,17.403431825,49.134829948,33.461738227,0.174034318,47.6540858726,47.006290397,5.33962373038,0.476540858726,0.35,4,ryegrass
r508b,5,02.05.2018,31.13121345,39.841585873,29.027200677,0.311312135,19.234764543,49.096356571,31.668878886,0.192347645,17.738631117,50.355397815,31.905971068,0.177386311,48.1840566328,47.0327408433,4.78320252385,0.481840566328,0.35,4,ryegrass
r101a,1,09.05.2018,0.458314097,62.934749154,36.60693675,0.004583141,1.946752847,66.552689289,31.500557864,0.019467528,2.198753463,66.695521699,31.105724838,0.021987535,6.71841335796,73.5086757464,19.7729108957,0.0671841335796,0,0,ryegrass
r101b,1,09.05.2018,0.616535857,65.662030625,33.721433518,0.006165359,2.126615882,68.876962142,28.996421976,0.021266159,2.355051554,68.964969991,28.679978455,0.023550516,6.9497345337,75.3332756233,17.716989843,0.069497345337,0,0,ryegrass
r102a,1,09.05.2018,15.729359034,50.778124038,33.492516928,0.15729359,24.93459526,50.917590028,24.147814712,0.249345953,25.784856879,50.818521083,23.396622038,0.257848569,33.3309287473,53.5342605417,13.134810711,0.333309287473,0.09755102,18,ryegrass
r102b,1,09.05.2018,16.399757618,51.972241459,31.628000923,0.163997576,25.230840259,52.072272238,22.696887504,0.252308403,26.009926131,51.989554478,22.000519391,0.260099261,33.5497460757,54.270544783,12.1797091413,0.335497460757,0.10744898,18,ryegrass
r103a,1,09.05.2018,26.244613727,43.23205217,30.523334103,0.262446137,37.422091413,42.534722222,20.043186365,0.374220914,38.237726993,42.459218221,19.303054786,0.38237727,45.2062172976,44.0909702986,10.7028124038,0.452062172976,0.145714286,25,ryegrass
r103b,1,09.05.2018,26.424476762,42.99111265,30.584410588,0.264244768,37.627923977,42.275026931,20.097049092,0.37627924,38.454139735,42.201927516,19.343932749,0.384541397,45.5803708833,43.6995036934,10.7201254232,0.455803708833,0.160102041,25,ryegrass
r104a,1,09.05.2018,23.770294706,46.118036319,30.111668975,0.237702947,34.811191905,45.960776393,19.228031702,0.348111919,35.615285473,45.891043398,18.49367113,0.356152855,41.7522699292,48.160972607,10.0867574638,0.417522699292,0.145255102,28,ryegrass
r104b,1,09.05.2018,23.522622345,46.141120345,30.33625731,0.235226223,34.816962912,45.863631117,19.319405971,0.348169629,35.647026008,45.790050785,18.562923207,0.35647026,42.1235380117,48.0152546938,9.86120729455,0.421235380117,0.160408163,28,ryegrass
r105a,1,09.05.2018,24.436365035,46.711969067,28.851665897,0.24436365,34.138388735,46.341181902,19.520429363,0.341383887,34.873711142,46.266639735,18.859649123,0.348737111,41.4233225608,48.1181709757,10.4585064635,0.414233225608,0.212560408,29,ryegrass
r105b,1,09.05.2018,24.99134349,46.762946291,28.245710219,0.249913435,34.275931056,46.47920514,19.244863804,0.342759311,34.949215143,46.432075254,18.618709603,0.349492151,41.3872537704,48.2653316405,10.3474145891,0.413872537704,0.235928571,29,ryegrass
r106a,1,09.05.2018,28.674207448,40.104166667,31.221625885,0.286742074,41.540666359,38.96439289,19.494940751,0.415406664,42.551554324,38.872537704,18.575907972,0.425515543,49.6013196368,40.1527393044,10.2459410588,0.496013196368,0.293265306,38,ryegrass
r106b,1,09.05.2018,27.35408972,42.367363035,30.278547245,0.273540897,39.579005079,41.378597261,19.042397661,0.395790051,40.512946291,41.310307018,18.176746691,0.405129463,47.2308787319,42.5799284395,10.1891928286,0.472308787319,0.319591837,38,ryegrass
r107a,1,09.05.2018,42.724203601,28.938711911,28.337084488,0.427242036,57.782202216,27.428631887,14.789165897,0.577822022,58.849838412,27.29734149,13.852820099,0.588498384,64.9829755309,27.6758233303,7.34120113881,0.649829755309,0.340357143,55,ryegrass
r107b,1,09.05.2018,43.086815174,28.749230533,28.163954294,0.430868152,57.929843798,27.352166051,14.717990151,0.579298438,58.973915051,27.234822253,13.791262696,0.589739151,65.1046475839,27.6402354571,7.25511695906,0.651046475839,0.375,55,ryegrass
r108a,1,09.05.2018,88.133848877,2.800380886,9.065770237,0.881338489,97.6045514,1.183056325,1.212392275,0.976045514,97.996018006,1.081582795,0.9223992,0.97996018,99.0482648507,0.675207756233,0.276527393044,0.990482648507,0.628112245,100,ryegrass
r108b,1,09.05.2018,88.627750846,3.029297476,8.342951677,0.886277508,97.580024623,1.256636657,1.16333872,0.975800246,97.965239304,1.156605879,0.878154817,0.979652393,99.0400892582,0.724261311173,0.235649430594,0.990400892582,0.695102041,100,ryegrass
r201a,2,09.05.2018,24.137715451,41.46468144,34.397603109,0.241377155,31.617901662,40.572580025,27.809518313,0.316179017,40.394159742,32.19307864,27.412761619,0.403941597,93.8880232379,3.81752077562,2.29445598646,0.938880232379,0.289591837,40,ryegrass
r201b,2,09.05.2018,24.614785319,42.609264389,32.775950292,0.246147853,32.147872422,41.471414281,26.380713296,0.321478724,41.2651008,32.732667744,26.002231456,0.412651008,92.7150661742,4.5966066482,2.68832717759,0.927150661742,0.320816327,40,ryegrass
r202a,2,09.05.2018,77.955236227,7.871652816,14.173110957,0.779552362,88.531567405,4.064231302,7.404201293,0.885315674,3.819925362,89.319790705,6.860283934,0.038199254,44.9061249615,44.1900392428,10.9038357956,0.449061249615,0.62877551,100,ryegrass
r202b,2,09.05.2018,77.108821945,8.180882579,14.710295476,0.771088219,88.019871499,4.242170668,7.737957833,0.880198715,4.009406741,88.816270391,7.174322869,0.040094067,45.6318290243,43.8529162819,10.5152546938,0.456318290243,0.695102041,100,ryegrass
r203a,2,09.05.2018,43.200311634,32.178170206,24.621518159,0.432003116,51.385041551,30.114554478,18.500403971,0.513850416,29.899584488,52.006867498,18.093548015,0.298995845,36.6247306864,51.9760887966,11.3991805171,0.366247306864,0.338928571,55,ryegrass
r203b,2,09.05.2018,39.366920591,30.854686057,29.778393352,0.393669206,47.808460296,29.738958141,22.452581564,0.478084603,29.594202062,48.439904586,21.965893352,0.295942021,36.9834949215,52.0698676516,10.9466374269,0.369834949215,0.372142857,55,ryegrass
r204a,2,09.05.2018,21.411876731,47.52375731,31.064365959,0.214118767,27.025142352,48.877539243,24.097318406,0.270251424,48.965066174,27.442578486,23.59235534,0.489650662,38.4175900277,49.219952293,12.3624576793,0.384175900277,0.145102041,20,ryegrass
r204b,2,09.05.2018,20.37453832,46.589816097,33.035645583,0.203745383,25.976261927,48.355744075,25.667993998,0.259762619,48.465393198,26.397545399,25.137061404,0.484653932,38.626789012,49.8667859341,11.5064250539,0.38626789012,0.159642857,20,ryegrass
r205a,2,09.05.2018,19.546398892,47.873384118,32.58021699,0.195463989,25.037511542,49.242074485,25.720413974,0.250375115,49.340662512,25.397718529,25.26161896,0.493406625,26.9530047707,61.8445098492,11.2024853801,0.269530047707,0.146020408,22,ryegrass
r205b,2,09.05.2018,19.238130963,48.6164012,32.145467836,0.19238131,24.808114035,49.907182979,25.284702986,0.24808114,49.969702216,25.203427978,24.826869806,0.499697022,26.9227069868,62.3085949523,10.7686980609,0.269227069868,0.161173469,22,ryegrass
r206a,2,09.05.2018,19.444444444,44.524276701,36.031278855,0.194444444,25.565077716,45.70492844,28.729993844,0.255650777,45.679439828,26.071002616,28.249557556,0.456794398,20.53276008,65.9486572792,13.5185826408,0.2053276008,0.214357959,28,ryegrass
r206b,2,09.05.2018,18.86878655,45.105224685,36.025988766,0.188687865,24.9552747,46.471510465,28.573214835,0.249552747,46.488823484,25.469375192,28.041801324,0.464888235,20.2677746999,65.9520236996,13.7802016005,0.202677746999,0.235928571,28,ryegrass
r207a,2,09.05.2018,14.275546322,56.703504925,29.020948754,0.142755463,18.389312096,58.609860726,23.000827178,0.183893121,58.651219606,18.655740228,22.693040166,0.586512196,21.5455717144,65.1248461065,13.3295821791,0.215455717144,0.097653061,12,ryegrass
r207b,2,09.05.2018,14.195233149,56.257694675,29.547072176,0.141952331,18.257540782,58.342951677,23.399507541,0.182575408,58.387676978,18.513388735,23.098934288,0.58387677,21.4335180055,65.3277931671,13.2386888273,0.214335180055,0.10744898,12,ryegrass
r208a,2,09.05.2018,0.179863035,63.256963681,36.563173284,0.00179863,0.357802401,71.801419668,27.840777932,0.003578024,72.422764697,0.357321484,27.21991382,0.724227647,5.38434903047,76.2975146199,18.3181363496,0.0538434903047,0.05,1,ryegrass
r208b,2,09.05.2018,0.162069098,64.813211758,35.024719144,0.001620691,0.320290859,73.900142352,25.77956679,0.003202909,74.596510465,0.323176362,25.080313173,0.745965105,5.24536395814,76.5725992613,18.1820367805,0.0524536395814,0.05,1,ryegrass
r501a,5,09.05.2018,78.743459526,7.390735611,13.865804863,0.787434595,91.998980456,3.153855032,4.847164512,0.919989805,93.51771699,2.986976762,3.495306248,0.93517717,93.8880232379,3.81752077562,2.29445598646,0.938880232379,1.224489796,100,ryegrass
r501b,5,09.05.2018,76.448522622,8.372287627,15.179189751,0.764485226,90.713969683,3.742978609,5.543051708,0.907139697,92.315423977,3.55349723,4.131078793,0.92315424,92.7150661742,4.5966066482,2.68832717759,0.927150661742,0.663265306,100,ryegrass
r502a,5,09.05.2018,30.876808249,39.438577255,29.684614497,0.308768082,42.235591721,37.005617113,20.758791167,0.422355917,44.182344568,36.559806864,19.257848569,0.441823446,44.9061249615,44.1900392428,10.9038357956,0.449061249615,0.357142857,50,ryegrass
r502b,5,09.05.2018,31.567405356,39.441462758,28.991131887,0.315674054,42.912242228,36.771410434,20.316347338,0.429122422,44.920071561,36.359745306,18.720183133,0.449200716,45.6318290243,43.8529162819,10.5152546938,0.456318290243,0.510204082,50,ryegrass
r503a,5,09.05.2018,28.183671899,44.115497076,27.700831025,0.281836719,35.045879501,43.75865651,21.195463989,0.350458795,36.119286704,43.281586642,20.599126654,0.361192867,36.6247306864,51.9760887966,11.3991805171,0.366247306864,0.306122449,38,ryegrass
r503b,5,09.05.2018,28.451061865,44.279008926,27.269929209,0.284510619,35.429170514,43.825504001,20.745325485,0.354291705,36.494883041,43.289762235,20.215354725,0.36494883,36.9834949215,52.0698676516,10.9466374269,0.369834949215,0.408163265,38,ryegrass
r504a,5,09.05.2018,27.792686211,42.188461834,30.018851954,0.277926862,36.559806864,41.597895506,21.84229763,0.365598069,37.873191751,41.081390428,21.045417821,0.378731918,38.4175900277,49.219952293,12.3624576793,0.384175900277,0.364234694,28,ryegrass
r504b,5,09.05.2018,28.24378655,43.065654817,28.690558633,0.282437865,36.819983072,42.290897199,20.889119729,0.368199831,38.162222992,41.777277624,20.060499384,0.38162223,38.626789012,49.8667859341,11.5064250539,0.38626789012,0.224693878,28,ryegrass
r505a,5,09.05.2018,17.242805479,53.835314712,28.921879809,0.172428055,24.883618036,52.880213143,22.236168821,0.24883618,26.30617113,52.242516928,21.451311942,0.263061711,26.9530047707,61.8445098492,11.2024853801,0.269530047707,0.238316327,20,ryegrass
r505b,5,09.05.2018,17.422187596,54.634599107,27.943213296,0.174221876,24.97932056,53.510695599,21.509983841,0.249793206,26.347049092,52.919167436,20.733783472,0.263470491,26.9227069868,62.3085949523,10.7686980609,0.269227069868,0.153061224,20,ryegrass
r506a,5,09.05.2018,15.173418744,55.213142505,29.61343875,0.151734187,19.316520468,56.15189289,24.531586642,0.193165205,20.096568175,55.500730994,24.402700831,0.200965682,20.53276008,65.9486572792,13.5185826408,0.2053276008,0.204081633,18,ryegrass
r506b,5,09.05.2018,14.891120345,55.003462604,30.105417051,0.148911203,19.026527393,56.075427055,24.898045553,0.190265274,19.81859803,55.416089566,24.765312404,0.19818598,20.2677746999,65.9520236996,13.7802016005,0.202677746999,0.153061224,18,ryegrass
r507a,5,09.05.2018,15.007021391,55.542089874,29.450888735,0.150070214,20.110033857,55.754655279,24.135310865,0.201100339,21.077639274,55.106859803,23.815500923,0.210776393,21.5455717144,65.1248461065,13.3295821791,0.215455717144,0.204081633,12,ryegrass
r507b,5,09.05.2018,15.21381579,55.5651739,29.221010311,0.152138158,20.01817867,55.766197292,24.215624038,0.200181787,20.914127424,55.117439982,23.968432595,0.209141274,21.4335180055,65.3277931671,13.2386888273,0.214335180055,0.102040816,12,ryegrass
r508a,5,09.05.2018,2.704197445,59.757810095,37.537992459,0.027041974,4.057017544,62.114304401,33.828678055,0.040570175,4.657202216,61.123134041,34.219663743,0.046572022,5.38434903047,76.2975146199,18.3181363496,0.0538434903047,0.3,4,ryegrass
r508b,5,09.05.2018,2.724395968,60.537376885,36.738227147,0.02724396,4.056536627,62.811634349,33.131829024,0.040565366,4.581698215,61.8598992,33.558402585,0.045816982,5.24536395814,76.5725992613,18.1820367805,0.0524536395814,0.3,4,ryegrass
r101a,1,06.06.2018,10.2526739,64.246210372,25.501115728,0.102526739,14.275065405,61.220760234,24.504174361,0.142750654,14.616997538,60.975492459,24.407510003,0.146169975,42.0292782395,33.3015927978,24.6691289628,0.420292782395,0.085,20,ryegrass
r101b,1,06.06.2018,10.451292705,65.179189751,24.369517544,0.104512927,14.417416898,62.215777932,23.366805171,0.144174169,14.745402432,62.012830871,23.241766697,0.147454024,41.0693674977,34.5962219144,24.3344105879,0.410693674977,0.085,20,ryegrass
r102a,1,06.06.2018,40.009425977,24.904778393,35.085795629,0.40009426,46.099761465,20.14562173,33.754616805,0.460997615,46.643678824,19.819559865,33.536761311,0.466436788,86.7069675285,6.48276392736,6.81026854417,0.867069675285,0.124489796,20,ryegrass
r102b,1,06.06.2018,37.974665282,24.691251154,37.334083564,0.379746653,43.961122653,20.087430748,35.951446599,0.439611227,44.485322407,19.786857495,35.727820098,0.444853224,86.462180671,6.15189289012,7.3859264389,0.86462180671,0.116326531,20,ryegrass
r103a,1,06.06.2018,42.691020314,23.550034626,33.75894506,0.426910203,47.677169898,20.164858418,32.157971684,0.476771699,48.114323638,19.952293013,31.933383349,0.481143236,84.1965797168,7.70862188366,8.09479839951,0.841965797168,0.189795918,25,ryegrass
r103b,1,06.06.2018,42.164415974,23.419225146,34.41635888,0.42164416,47.237130656,19.959025854,32.80384349,0.472371307,47.664185134,19.760407048,32.575407818,0.476641851,84.189846876,7.66918667282,8.14096645122,0.84189846876,0.191326531,25,ryegrass
r104a,1,06.06.2018,44.386253463,26.197964758,29.415781779,0.443862535,48.349011234,23.569752231,28.081236534,0.483490112,48.669302093,23.424996153,27.905701754,0.486693021,80.8686326562,10.4089719914,8.72239535242,0.808686326562,0.266914286,36,ryegrass
r104b,1,06.06.2018,45.122056787,26.22345337,28.654489843,0.451220568,49.029028163,23.584660665,27.386311173,0.490290282,49.323349492,23.438461834,27.238188673,0.493233495,80.8017851647,10.5647891659,8.63342566944,0.808017851647,0.274063776,36,ryegrass
r105a,1,06.06.2018,41.291551247,29.631713604,29.076735149,0.412915512,44.471375808,27.535395506,27.993228686,0.444713758,44.676246537,27.435845645,27.887907818,0.446762465,76.6134772238,12.1022814712,11.284241305,0.766134772238,0.278620408,38,ryegrass
r105b,1,06.06.2018,42.412569252,29.427804709,28.159626039,0.424125693,45.456294244,27.424303632,27.119402124,0.454562942,45.647699292,27.332929363,27.019371345,0.456476993,76.9784933826,12.1902893198,10.8312172976,0.769784933826,0.271879592,38,ryegrass
r106a,1,06.06.2018,45.0888735,26.347530009,28.563596491,0.450888735,48.685172361,23.725088489,27.589739151,0.486851724,48.929959218,23.593798092,27.47624269,0.489299592,81.6991766697,9.54572560788,8.75509772238,0.816991766697,0.355102041,42,ryegrass
r106b,1,06.06.2018,45.581813635,26.580293937,27.837892428,0.455818136,49.226685134,23.887157587,26.886157279,0.492266851,49.475319329,23.748653432,26.776027239,0.494753193,81.8155586334,9.76935210834,8.41508925823,0.818155586334,0.352040816,42,ryegrass
r107a,1,06.06.2018,41.276642813,29.358552632,29.364804555,0.412766428,43.863015543,27.952350723,28.184633733,0.438630155,44.04432133,27.902335334,28.053343336,0.440443213,77.3372576177,13.1314442906,9.53129809172,0.773372576177,0.602040816,50,ryegrass
r107b,1,06.06.2018,41.723414897,28.694886888,29.581698215,0.417234149,44.266505078,27.33341028,28.400084641,0.442665051,44.406451985,27.299746076,28.293801939,0.44406452,77.9100300092,12.8414512158,9.24851877501,0.779100300092,0.571428571,50,ryegrass
r108a,1,06.06.2018,50.401084949,23.801073407,25.797841644,0.504010849,50.788704217,24.267082179,24.944213604,0.507887042,50.658856571,24.390196984,24.950946445,0.506588566,80.4882271468,7.10843721145,12.4033356417,0.804882271468,1.542857143,90,ryegrass
r108b,1,06.06.2018,48.677477685,23.234072022,28.088450292,0.486774777,49.002577716,23.703928132,27.293494152,0.490025777,48.854455217,23.853012465,27.292532318,0.488544552,80.1833256387,6.63954293629,13.1771314251,0.801833256387,1.432653061,90,ryegrass
r201a,2,06.06.2018,38.582063712,34.72606956,26.691866728,0.385820637,41.838835026,32.662934749,25.498230225,0.41838835,42.034568329,32.552323792,25.413107879,0.420345683,74.182440751,17.3837142198,8.43384502924,0.74182440751,0.465306122,40,ryegrass
r201b,2,06.06.2018,40.101281163,34.250442444,25.648276393,0.401012812,43.266197291,32.316193444,24.417609264,0.432661973,43.462892428,32.194040474,24.343067098,0.434628924,74.8807325331,17.3962180671,7.72304939982,0.748807325331,0.47755102,40,ryegrass
r202a,2,06.06.2018,47.767582333,24.871595106,27.360822561,0.477675823,47.486726685,26.17872807,26.334545245,0.474867267,47.296283472,26.352820098,26.35089643,0.472962835,82.4883618036,6.90981840566,10.6018197907,0.824883618036,1.518367347,95,ryegrass
r202b,2,06.06.2018,48.973241767,25.033664204,25.993094029,0.489732418,48.602454601,26.331659741,25.065885657,0.486024546,48.360553247,26.539415974,25.100030779,0.483605532,82.810095414,7.2036588181,9.98624576793,0.82810095414,1.383673469,95,ryegrass
r203a,2,06.06.2018,47.125076947,21.433518006,31.441405048,0.471250769,50.177458449,19.789742998,30.032798553,0.501774584,50.351550477,19.719529086,29.928920437,0.503515505,83.5156009541,8.39873807325,8.08566097261,0.835156009541,0.612244898,60,ryegrass
r203b,2,06.06.2018,48.63371422,21.067540012,30.298745768,0.486337142,51.587026777,19.485322407,28.927650816,0.515870268,51.764485226,19.410299323,28.825215451,0.517644852,84.0455717144,8.35689827639,7.59753000923,0.840455717144,0.62755102,60,ryegrass
r204a,2,06.06.2018,53.994498307,16.597414589,29.408087104,0.539944983,57.786049554,14.261599723,27.952350723,0.577860496,58.035164666,14.141851339,27.822983995,0.580351647,90.638946599,4.75627116036,4.60478224069,0.90638946599,0.244897959,68,ryegrass
r204b,2,06.06.2018,54.210430132,17.274065097,28.515504771,0.542104301,58.152508464,14.819944598,27.027546938,0.581525085,58.413165589,14.686730532,26.900103878,0.584131656,90.5644044321,4.93757694675,4.49801862111,0.905644044321,0.240816327,68,ryegrass
r205a,2,06.06.2018,39.311134195,33.116920591,27.571945214,0.393111342,42.482783164,31.302419975,26.214796861,0.424827832,42.680440135,31.203831948,26.115727916,0.426804401,76.3975453986,14.4001038781,9.2023507233,0.763975453986,0.283596429,25,ryegrass
r205b,2,06.06.2018,38.980263158,33.073157125,27.946579717,0.389802632,42.197118344,31.223549554,26.579332102,0.421971183,42.386599723,31.137946291,26.475453986,0.423865997,76.3167513081,14.3659587565,9.31728993536,0.763167513081,0.290745918,25,ryegrass
r206a,2,06.06.2018,33.164050477,35.905759464,30.930190058,0.331640505,36.345798707,34.053747307,29.600453986,0.363457987,36.54489843,33.945060018,29.510041551,0.365448984,72.1351762081,16.6681094183,11.1967143737,0.721351762081,0.45165102,38,ryegrass
r206b,2,06.06.2018,31.603955063,36.742074484,31.653970452,0.316039551,34.953543398,34.733283318,30.313173284,0.349535434,35.197849338,34.594779163,30.207371499,0.351978493,70.9386542013,17.0807363804,11.9806094183,0.709386542013,0.400658163,38,ryegrass
r207a,2,06.06.2018,48.387484611,22.134695291,29.477820098,0.483874846,52.674380579,19.283818098,28.041801323,0.526743806,52.98553401,19.117901662,27.896564327,0.52985534,87.4389235149,7.36572791628,5.19534856879,0.874389235149,0.248979592,50,ryegrass
r207b,2,06.06.2018,49.483014004,22.073618806,28.44336719,0.49483014,53.682383041,19.257367652,27.060249307,0.53682383,53.980551708,19.09241305,26.927035242,0.539805517,87.7125654047,7.25319329024,5.03424130502,0.877125654047,0.230612245,50,ryegrass
r208a,2,06.06.2018,27.082852416,45.464469837,27.452677747,0.270828524,32.322445368,41.253558787,26.423995845,0.323224454,32.736515082,40.95539012,26.308094798,0.327365151,70.8780586334,19.2414973838,9.88044398276,0.708780586334,0.095,30,ryegrass
r208b,2,06.06.2018,25.939231302,45.741478147,28.319290551,0.259392313,31.341374269,41.333391043,27.325234688,0.313413743,31.730917205,41.046283472,27.222799323,0.317309172,70.6520275469,19.0625961834,10.2853762696,0.706520275469,0.095,30,ryegrass
r501a,5,06.06.2018,58.064500616,11.605013081,30.330486303,0.580645006,59.846779778,10.286819021,29.8664012,0.598467798,59.815039243,10.210834103,29.974126654,0.598150392,91.7368805786,2.60464758387,5.65847183749,0.917368805786,1.420408163,100,ryegrass
r501b,5,06.06.2018,60.632598492,11.053881964,28.313519544,0.606325985,62.087373038,9.954024315,27.958602647,0.62087373,62.032067559,9.914589104,28.053343336,0.620320676,92.3159048938,2.5527085257,5.13138658049,0.923159048938,1.530612245,100,ryegrass
r502a,5,06.06.2018,44.827735457,26.104666821,29.067597722,0.448277355,48.497614651,23.347087565,28.155297784,0.484976147,48.742882425,23.114804555,28.142313019,0.487428824,81.3509926131,10.2055440135,8.44346337335,0.813509926131,0.602040816,50,ryegrass
r502b,5,06.06.2018,44.858514158,26.204697599,28.936788243,0.448585142,48.615439366,23.341797476,28.042763158,0.486154394,48.820791013,23.138369498,28.040839489,0.48820791,81.2567328409,10.2401700523,8.5030971068,0.812567328409,0.637755102,50,ryegrass
r503a,5,06.06.2018,44.669994614,24.120883349,31.209122038,0.446699946,48.335064635,21.756694367,29.908240997,0.483350646,48.54426362,21.603762696,29.851973684,0.485442636,79.4571406587,11.6319444444,8.91091489689,0.794571406587,0.506122449,40,ryegrass
r503b,5,06.06.2018,44.278528009,23.863111727,31.858360265,0.44278528,47.767582333,21.665320098,30.567097568,0.477675823,47.969567559,21.530182364,30.500250077,0.479695676,79.1613765774,11.5718297938,9.26679362881,0.791613765774,0.47755102,40,ryegrass
r504a,5,06.06.2018,44.681055709,22.246268082,33.072676208,0.446810557,48.888119421,19.14579486,31.966085719,0.488881194,49.139158203,18.959679902,31.901161896,0.491391582,83.7300900277,9.6289242844,6.6409856879,0.837300900277,0.407942857,45,ryegrass
r504b,5,06.06.2018,45.935768698,22.069771468,31.994459834,0.459357687,50.009137427,19.154932287,30.835930286,0.500091374,50.264023546,18.94621422,30.789762235,0.502640235,84.0816405048,9.70010003078,6.21825946445,0.840816405048,0.411585204,45,ryegrass
r505a,5,06.06.2018,32.667743921,33.591104955,33.741151123,0.326677439,36.772853186,30.719548323,32.507598492,0.367728532,37.04745691,30.512753924,32.439789166,0.370474569,73.329774546,16.6060710988,10.0641543552,0.73329774546,0.278830102,35,ryegrass
r505b,5,06.06.2018,31.35676362,34.65200831,33.99122807,0.313567636,35.710987996,31.492382271,32.796629732,0.35710988,36.046187288,31.220183133,32.733629578,0.360461873,72.2501154201,17.1230570945,10.6268274854,0.722501154201,0.297895408,35,ryegrass
r505c,5,06.06.2018,31.489977685,34.37163358,34.138388735,0.314899777,35.727820098,31.337526931,32.93465297,0.357278201,36.020698677,31.120152355,32.859148969,0.360206987,72.2871460449,17.1014158203,10.6114381348,0.722871460449,0.293129082,35,ryegrass
r505d,5,06.06.2018,31.121114189,34.636138042,34.242747769,0.311211142,35.401758233,31.569329024,33.028912742,0.354017582,35.674919206,31.355320868,32.969759926,0.356749192,71.9485803324,17.2336680517,10.8177516159,0.719485803324,0.295512245,35,ryegrass
r506a,5,06.06.2018,29.595644814,41.12226839,29.282086796,0.295956448,33.703158664,38.179055094,28.117786242,0.337031587,33.96718221,37.97322253,28.05959526,0.339671822,65.8919090489,21.5753885811,12.53270237,0.658919090489,0.226530612,28,ryegrass
r506b,5,06.06.2018,29.403277932,40.965008464,29.631713604,0.294032779,33.448272545,38.104993844,28.44673361,0.334482725,33.723838104,37.90781779,28.368344106,0.337238381,66.0429170514,21.3387773161,12.6183056325,0.660429170514,0.257142857,28,ryegrass
r507a,5,06.06.2018,40.952985534,30.087623115,28.959391351,0.409529855,45.427439212,26.688500308,27.88406048,0.454274392,45.755905663,26.430728686,27.813365651,0.457559057,78.2500384734,13.8744613727,7.87550015389,0.782500384734,0.17755102,40,ryegrass
r507b,5,06.06.2018,40.438404124,31.083602647,28.477993229,0.404384041,45.176881348,27.408914281,27.414204371,0.451768813,45.514004309,27.143447984,27.342547707,0.455140043,77.6060903355,14.352973992,8.04093567251,0.776060903355,0.176020408,40,ryegrass
r508a,5,06.06.2018,17.626096491,56.793917359,25.57998615,0.176260965,22.572329948,53.032182979,24.395487073,0.225723299,22.976781317,52.712853955,24.310364728,0.229767813,51.1200561711,31.0263734995,17.8535703293,0.511200561711,0.1,20,ryegrass
r508b,5,06.06.2018,18.589373653,56.323580332,25.087046014,0.185893737,23.450003847,52.624846106,23.925150046,0.234500038,23.859264389,52.311288089,23.829447522,0.238592644,51.8068059403,31.0807171437,17.112476916,0.518068059403,0.1,20,ryegrass
